date,place,temp_max,temp_min,precipitation,collected_at
2026-07-11,Tokyo,30.5,22.1,0.0,2026-07-11T13:28:39.967514+00:00
2026-07-11,北海道,18.9,12.2,25.4,2026-07-11T14:22:22.028411+00:00
2026-07-11,福岡県,36.2,25.6,0.0,2026-07-11T14:23:40.721208+00:00
2026-07-11,北海道,雷雨,26.2,20.9,17.1,2026-07-11T14:43:44.606518+00:00
2026-07-11,青森県,雨(弱),25.4,22.4,11.9,2026-07-11T14:43:45.542553+00:00
2026-07-11,岩手県,雨(弱),26.4,21.4,12.4,2026-07-11T14:43:46.488055+00:00
2026-07-11,宮城県,霧雨,26.4,21.6,4.7,2026-07-11T14:43:47.432854+00:00
2026-07-11,秋田県,雨,25.2,21.3,26.3,2026-07-11T14:43:48.366757+00:00
2026-07-11,山形県,雨(弱),28.5,22.7,5.1,2026-07-11T14:43:49.315566+00:00
2026-07-11,福島県,霧雨,30.2,23.1,1.8,2026-07-11T14:43:50.282049+00:00
2026-07-11,茨城県,くもり,30.6,22.3,0.0,2026-07-11T14:44:22.412560+00:00
2026-07-11,栃木県,くもり,31.2,21.7,0.0,2026-07-11T14:44:23.360872+00:00
2026-07-11,群馬県,くもり,32.3,22.3,0.0,2026-07-11T14:44:24.304486+00:00
2026-07-11,埼玉県,晴れ時々くもり,31.7,22.1,0.0,2026-07-11T14:44:25.229352+00:00
2026-07-11,千葉県,くもり,28.6,22.1,0.0,2026-07-11T14:44:26.168307+00:00
2026-07-11,東京都,くもり,30.5,22.1,0.0,2026-07-11T14:44:27.144890+00:00
2026-07-11,神奈川県,くもり,30.7,23.6,0.0,2026-07-11T14:44:28.087577+00:00
2026-07-11,新潟県,くもり,27.3,23.6,0.0,2026-07-11T14:45:00.222853+00:00
2026-07-11,富山県,くもり,31.9,23.6,0.0,2026-07-11T14:45:01.166209+00:00
2026-07-11,石川県,くもり,30.3,22.9,0.0,2026-07-11T14:45:02.092284+00:00
2026-07-11,福井県,くもり,33.2,23.2,0.0,2026-07-11T14:45:03.040052+00:00
2026-07-11,山梨県,くもり,32.3,22.7,0.0,2026-07-11T14:45:03.989335+00:00
2026-07-11,長野県,くもり,31.6,23.6,0.0,2026-07-11T14:45:04.932087+00:00
2026-07-11,岐阜県,くもり,32.2,22.6,0.0,2026-07-11T14:45:06.022249+00:00
2026-07-11,静岡県,くもり,29.6,22.2,0.0,2026-07-11T14:45:38.139362+00:00
2026-07-11,愛知県,くもり,31.6,21.9,0.0,2026-07-11T14:45:39.064109+00:00
2026-07-11,三重県,くもり,28.2,22.0,0.0,2026-07-11T14:45:40.003251+00:00
2026-07-11,滋賀県,くもり,33.1,23.2,0.0,2026-07-11T14:45:40.953041+00:00
2026-07-11,京都府,くもり,32.1,23.1,0.0,2026-07-11T14:45:41.899114+00:00
2026-07-11,大阪府,くもり,30.5,23.7,0.0,2026-07-11T14:45:42.836853+00:00
2026-07-11,兵庫県,くもり,29.8,23.8,0.0,2026-07-11T14:45:43.762037+00:00
2026-07-11,奈良県,くもり,31.5,22.8,0.0,2026-07-11T14:46:15.881651+00:00
2026-07-11,和歌山県,くもり,29.8,23.5,0.0,2026-07-11T14:46:16.820926+00:00
2026-07-11,鳥取県,くもり,33.1,25.2,0.0,2026-07-11T14:46:17.775613+00:00
2026-07-11,島根県,くもり,35.9,24.0,0.0,2026-07-11T14:46:18.718265+00:00
2026-07-11,岡山県,晴れ時々くもり,31.7,23.3,0.0,2026-07-11T14:46:19.654489+00:00
2026-07-11,広島県,晴れ,31.9,23.7,0.0,2026-07-11T14:46:20.581413+00:00
2026-07-11,山口県,晴れ時々くもり,29.8,24.0,0.0,2026-07-11T14:46:21.525817+00:00
2026-07-11,徳島県,晴れ時々くもり,30.0,24.4,0.0,2026-07-11T14:46:53.663092+00:00
2026-07-11,香川県,くもり,29.6,24.1,0.0,2026-07-11T14:46:54.621088+00:00
2026-07-11,愛媛県,晴れ,31.2,23.8,0.0,2026-07-11T14:46:55.732614+00:00
2026-07-11,高知県,霧雨(弱),30.3,23.6,0.1,2026-07-11T14:46:56.676764+00:00
2026-07-11,福岡県,くもり,34.0,25.5,0.0,2026-07-11T14:46:57.626035+00:00
2026-07-11,佐賀県,くもり,36.1,25.0,0.0,2026-07-11T14:46:58.570742+00:00
2026-07-11,長崎県,くもり,34.5,26.4,0.0,2026-07-11T14:46:59.510135+00:00
2026-07-11,熊本県,くもり,35.6,25.8,0.0,2026-07-11T14:47:31.649639+00:00
2026-07-11,大分県,くもり,30.7,25.1,0.0,2026-07-11T14:47:32.591632+00:00
2026-07-11,宮崎県,霧雨(弱),28.2,26.1,2.0,2026-07-11T14:47:33.527608+00:00
2026-07-11,鹿児島県,くもり,29.6,27.1,0.0,2026-07-11T14:47:34.606701+00:00
2026-07-11,沖縄県,雷雨,28.7,26.9,28.4,2026-07-11T14:47:35.550557+00:00
2026-07-12,北海道,雷雨,26.5,20.2,15.3,2026-07-12T04:13:09.463523+00:00
2026-07-12,青森県,雨,24.9,22.2,34.7,2026-07-12T04:13:10.290772+00:00
2026-07-12,岩手県,雨(強),23.6,22.1,29.3,2026-07-12T04:13:11.088868+00:00
2026-07-12,宮城県,雨,24.6,22.0,30.6,2026-07-12T04:13:11.867939+00:00
2026-07-12,秋田県,雨(強),24.5,23.2,89.8,2026-07-12T04:13:12.710269+00:00
2026-07-12,山形県,雨,24.0,22.4,26.8,2026-07-12T04:13:13.543046+00:00
2026-07-12,福島県,雨(弱),25.9,23.1,7.1,2026-07-12T04:13:14.390461+00:00
2026-07-12,茨城県,霧雨(強),27.2,22.6,5.6,2026-07-12T04:13:15.189031+00:00
2026-07-12,栃木県,雨,25.2,22.2,17.6,2026-07-12T04:13:47.160370+00:00
2026-07-12,群馬県,霧雨(弱),29.0,23.4,0.3,2026-07-12T04:13:47.959346+00:00
2026-07-12,埼玉県,霧雨,28.8,22.8,1.9,2026-07-12T04:13:48.738703+00:00
2026-07-12,千葉県,霧雨,27.2,23.8,1.5,2026-07-12T04:13:49.585365+00:00
2026-07-12,東京都,霧雨,28.6,22.7,1.5,2026-07-12T04:13:50.384217+00:00
2026-07-12,神奈川県,霧雨(弱),28.9,23.6,0.4,2026-07-12T04:13:51.231648+00:00
2026-07-12,新潟県,雨,25.8,24.2,20.1,2026-07-12T04:13:52.075121+00:00
2026-07-12,富山県,くもり,31.4,23.6,0.0,2026-07-12T04:13:52.900998+00:00
2026-07-12,石川県,くもり,30.2,24.2,0.0,2026-07-12T04:14:24.853451+00:00
2026-07-12,福井県,くもり,31.7,24.3,0.0,2026-07-12T04:14:25.669790+00:00
2026-07-12,山梨県,くもり,30.3,22.7,0.0,2026-07-12T04:14:26.478658+00:00
2026-07-12,長野県,くもり,27.2,22.4,0.0,2026-07-12T04:14:27.277018+00:00
2026-07-12,岐阜県,くもり,33.8,23.1,0.0,2026-07-12T04:14:28.086548+00:00
2026-07-12,静岡県,くもり,28.7,23.1,0.0,2026-07-12T04:14:28.884862+00:00
2026-07-12,愛知県,くもり,33.3,23.0,0.0,2026-07-12T04:14:29.680156+00:00
2026-07-12,三重県,くもり,32.9,23.7,0.0,2026-07-12T04:14:30.515551+00:00
2026-07-12,滋賀県,くもり,33.7,23.8,0.0,2026-07-12T04:15:02.491457+00:00
2026-07-12,京都府,くもり,32.8,22.9,0.0,2026-07-12T04:15:03.311813+00:00
2026-07-12,大阪府,くもり,30.9,24.3,0.0,2026-07-12T04:15:04.110656+00:00
2026-07-12,兵庫県,くもり,30.2,24.4,0.0,2026-07-12T04:15:04.920055+00:00
2026-07-12,奈良県,くもり,32.6,23.0,0.0,2026-07-12T04:15:05.718414+00:00
2026-07-12,和歌山県,くもり,31.6,23.6,0.0,2026-07-12T04:15:06.514305+00:00
2026-07-12,鳥取県,くもり,32.4,26.0,0.0,2026-07-12T04:15:07.314352+00:00
2026-07-12,島根県,くもり,35.4,25.6,0.0,2026-07-12T04:15:08.115510+00:00
2026-07-12,岡山県,くもり,33.1,23.3,0.0,2026-07-12T04:15:40.086090+00:00
2026-07-12,広島県,くもり,31.7,24.6,0.0,2026-07-12T04:15:40.884373+00:00
2026-07-12,山口県,くもり,32.0,24.8,0.0,2026-07-12T04:15:41.732627+00:00
2026-07-12,徳島県,くもり,29.8,23.7,0.0,2026-07-12T04:15:42.531285+00:00
2026-07-12,香川県,くもり,31.0,24.1,0.0,2026-07-12T04:15:43.327068+00:00
2026-07-12,愛媛県,くもり,31.5,24.2,0.0,2026-07-12T04:15:44.126174+00:00
2026-07-12,高知県,くもり,30.5,23.2,0.0,2026-07-12T04:15:44.963833+00:00
2026-07-12,福岡県,晴れ時々くもり,35.0,25.6,0.0,2026-07-12T04:15:45.795729+00:00
2026-07-12,佐賀県,晴れ時々くもり,35.5,25.0,0.0,2026-07-12T04:16:17.750305+00:00
2026-07-12,長崎県,晴れ時々くもり,33.8,26.9,0.0,2026-07-12T04:16:18.560417+00:00
2026-07-12,熊本県,晴れ時々くもり,34.9,25.3,0.0,2026-07-12T04:16:19.360678+00:00
2026-07-12,大分県,くもり,31.1,25.3,0.0,2026-07-12T04:16:20.165686+00:00
2026-07-12,宮崎県,雨(弱),30.0,26.3,2.2,2026-07-12T04:16:21.049275+00:00
2026-07-12,鹿児島県,くもり,29.7,27.3,0.0,2026-07-12T04:16:22.015161+00:00
2026-07-12,沖縄県,霧雨(弱),28.7,26.6,0.6,2026-07-12T04:16:22.847423+00:00
2026-07-12,北海道,雷雨,26.9,20.2,11.9,2026-07-12T14:46:30.532447+00:00
2026-07-12,青森県,雨,24.7,22.0,37.9,2026-07-12T14:46:31.497477+00:00
2026-07-12,岩手県,雨(強),23.9,22.1,38.4,2026-07-12T14:46:32.464182+00:00
2026-07-12,宮城県,雨,24.9,22.0,25.2,2026-07-12T14:46:33.390852+00:00
2026-07-12,秋田県,雨(強),24.6,23.2,86.7,2026-07-12T14:46:34.321539+00:00
2026-07-12,山形県,雨,25.1,22.3,24.5,2026-07-12T14:46:35.265869+00:00
2026-07-12,福島県,雨(弱),25.6,23.4,12.6,2026-07-12T14:46:36.191345+00:00
2026-07-12,茨城県,霧雨(強),26.1,22.6,7.7,2026-07-12T14:46:37.143954+00:00
2026-07-12,栃木県,雨,25.1,22.2,24.6,2026-07-12T14:46:38.075237+00:00
2026-07-12,群馬県,霧雨(弱),29.1,23.4,0.1,2026-07-12T14:46:39.006493+00:00
2026-07-12,埼玉県,霧雨,29.0,22.8,0.9,2026-07-12T14:47:11.086671+00:00
2026-07-12,千葉県,霧雨,27.0,23.8,1.0,2026-07-12T14:47:12.024339+00:00
2026-07-12,東京都,霧雨,28.5,22.7,1.2,2026-07-12T14:47:12.942677+00:00
2026-07-12,神奈川県,霧雨,28.8,23.6,0.7,2026-07-12T14:47:13.872941+00:00
2026-07-12,新潟県,雨,26.2,24.2,24.0,2026-07-12T14:47:14.792425+00:00
2026-07-12,富山県,くもり,31.1,23.6,0.0,2026-07-12T14:47:15.709813+00:00
2026-07-12,石川県,くもり,30.4,24.2,0.0,2026-07-12T14:47:16.638745+00:00
2026-07-12,福井県,くもり,32.0,24.3,0.0,2026-07-12T14:47:17.570003+00:00
2026-07-12,山梨県,くもり,30.4,22.7,0.0,2026-07-12T14:47:18.523744+00:00
2026-07-12,長野県,くもり,28.4,22.4,0.0,2026-07-12T14:47:19.503999+00:00
2026-07-12,岐阜県,くもり,34.0,23.1,0.0,2026-07-12T14:47:51.660006+00:00
2026-07-12,静岡県,くもり,28.5,23.1,0.0,2026-07-12T14:47:52.774275+00:00
2026-07-12,愛知県,くもり,33.2,23.0,0.0,2026-07-12T14:47:53.723256+00:00
2026-07-12,三重県,くもり,32.2,23.7,0.0,2026-07-12T14:47:54.666001+00:00
2026-07-12,滋賀県,くもり,33.0,23.8,0.0,2026-07-12T14:47:55.600243+00:00
2026-07-12,京都府,くもり,32.5,22.9,0.0,2026-07-12T14:47:56.549323+00:00
2026-07-12,大阪府,くもり,30.7,24.3,0.0,2026-07-12T14:47:57.496726+00:00
2026-07-12,兵庫県,くもり,30.6,24.4,0.0,2026-07-12T14:47:58.437503+00:00
2026-07-12,奈良県,くもり,32.2,23.0,0.0,2026-07-12T14:47:59.389532+00:00
2026-07-12,和歌山県,くもり,31.8,23.6,0.0,2026-07-12T14:48:31.486082+00:00
2026-07-12,鳥取県,くもり,32.4,26.0,0.0,2026-07-12T14:48:32.428086+00:00
2026-07-12,島根県,くもり,35.1,25.6,0.0,2026-07-12T14:48:33.361679+00:00
2026-07-12,岡山県,くもり,33.1,23.3,0.0,2026-07-12T14:48:34.278899+00:00
2026-07-12,広島県,くもり,31.4,24.6,0.0,2026-07-12T14:48:35.208471+00:00
2026-07-12,山口県,くもり,32.1,24.8,0.0,2026-07-12T14:48:36.140411+00:00
2026-07-12,徳島県,くもり,30.0,23.7,0.0,2026-07-12T14:48:37.062971+00:00
2026-07-12,香川県,くもり,29.9,24.1,0.0,2026-07-12T14:48:38.000192+00:00
2026-07-12,愛媛県,くもり,31.6,24.2,0.0,2026-07-12T14:49:10.101426+00:00
2026-07-12,高知県,晴れ時々くもり,30.6,23.2,0.0,2026-07-12T14:49:11.036947+00:00
2026-07-12,福岡県,晴れ,34.7,25.6,0.0,2026-07-12T14:49:11.954787+00:00
2026-07-12,佐賀県,晴れ,35.1,25.0,0.0,2026-07-12T14:49:12.884776+00:00
2026-07-12,長崎県,快晴,34.1,26.9,0.0,2026-07-12T14:49:13.815943+00:00
2026-07-12,熊本県,霧雨(弱),34.3,25.3,0.2,2026-07-12T14:49:14.738988+00:00
2026-07-12,大分県,霧雨(弱),30.0,25.3,0.2,2026-07-12T14:49:15.672313+00:00
2026-07-12,宮崎県,雨(弱),31.3,26.3,2.3,2026-07-12T14:49:16.591499+00:00
2026-07-12,鹿児島県,くもり,29.8,27.2,0.0,2026-07-12T14:49:17.509193+00:00
2026-07-12,沖縄県,霧雨(弱),29.0,26.6,0.3,2026-07-12T14:49:49.575188+00:00
2026-07-14,北海道,霧雨(弱),28.1,20.5,0.7,2026-07-13T16:20:26.135458+00:00
2026-07-14,青森県,くもり,28.1,22.3,0.0,2026-07-13T16:20:26.842233+00:00
2026-07-14,岩手県,くもり,27.9,21.3,0.0,2026-07-13T16:20:27.632397+00:00
2026-07-14,宮城県,くもり,27.9,21.9,0.0,2026-07-13T16:20:28.337692+00:00
2026-07-14,秋田県,霧雨(弱),26.4,22.5,0.4,2026-07-13T16:20:29.040148+00:00
2026-07-14,山形県,くもり,29.0,23.0,0.0,2026-07-13T16:20:29.742526+00:00
2026-07-14,福島県,くもり,30.8,22.4,0.0,2026-07-13T16:20:30.435364+00:00
2026-07-14,茨城県,霧雨(弱),30.6,23.0,0.1,2026-07-13T16:20:31.128097+00:00
2026-07-14,栃木県,くもり,32.3,22.1,0.0,2026-07-13T16:20:31.848297+00:00
2026-07-14,群馬県,くもり,35.4,23.7,0.0,2026-07-13T16:21:03.717649+00:00
2026-07-14,埼玉県,くもり,33.6,22.4,0.0,2026-07-13T16:21:04.410020+00:00
2026-07-14,千葉県,くもり,30.8,23.9,0.0,2026-07-13T16:21:05.103389+00:00
2026-07-14,東京都,くもり,32.5,22.4,0.0,2026-07-13T16:21:05.796169+00:00
2026-07-14,神奈川県,くもり,32.4,23.5,0.0,2026-07-13T16:21:06.495577+00:00
2026-07-14,新潟県,晴れ時々くもり,28.9,25.4,0.0,2026-07-13T16:21:07.200600+00:00
2026-07-14,富山県,くもり,32.3,23.2,0.0,2026-07-13T16:21:07.901150+00:00
2026-07-14,石川県,くもり,29.2,24.5,0.0,2026-07-13T16:21:08.591284+00:00
2026-07-14,福井県,くもり,30.7,22.6,0.0,2026-07-13T16:21:09.293224+00:00
2026-07-14,山梨県,くもり,36.8,22.9,0.0,2026-07-13T16:21:41.186193+00:00
2026-07-14,長野県,晴れ時々くもり,31.6,22.1,0.0,2026-07-13T16:21:41.877807+00:00
2026-07-14,岐阜県,くもり,34.8,23.5,0.0,2026-07-13T16:21:42.571213+00:00
2026-07-14,静岡県,晴れ時々くもり,32.0,23.8,0.0,2026-07-13T16:21:43.271048+00:00
2026-07-14,愛知県,くもり,35.2,23.4,0.0,2026-07-13T16:21:43.971128+00:00
2026-07-14,三重県,くもり,33.7,25.2,0.0,2026-07-13T16:21:44.664400+00:00
2026-07-14,滋賀県,くもり,33.2,24.3,0.0,2026-07-13T16:21:45.355307+00:00
2026-07-14,京都府,くもり,33.9,24.0,0.0,2026-07-13T16:21:46.056740+00:00
2026-07-14,大阪府,晴れ時々くもり,32.0,24.7,0.0,2026-07-13T16:21:46.751364+00:00
2026-07-14,兵庫県,晴れ時々くもり,31.8,25.5,0.0,2026-07-13T16:21:47.442551+00:00
2026-07-14,奈良県,晴れ時々くもり,33.6,24.4,0.0,2026-07-13T16:22:19.312275+00:00
2026-07-14,和歌山県,晴れ時々くもり,34.0,25.2,0.0,2026-07-13T16:22:20.056419+00:00
2026-07-14,鳥取県,晴れ時々くもり,30.4,24.3,0.0,2026-07-13T16:22:20.756792+00:00
2026-07-14,島根県,くもり,33.1,25.9,0.0,2026-07-13T16:22:21.449392+00:00
2026-07-14,岡山県,くもり,34.0,25.4,0.0,2026-07-13T16:22:22.153570+00:00
2026-07-14,広島県,晴れ時々くもり,32.2,25.0,0.0,2026-07-13T16:22:22.942304+00:00
2026-07-14,山口県,晴れ時々くもり,32.6,24.3,0.0,2026-07-13T16:22:23.635471+00:00
2026-07-14,徳島県,晴れ時々くもり,33.6,26.4,0.0,2026-07-13T16:22:24.337251+00:00
2026-07-14,香川県,晴れ時々くもり,31.3,26.1,0.0,2026-07-13T16:22:25.052435+00:00
2026-07-14,愛媛県,晴れ時々くもり,33.0,25.8,0.0,2026-07-13T16:22:25.753800+00:00
2026-07-14,高知県,晴れ,33.8,25.9,0.0,2026-07-13T16:22:26.451054+00:00
2026-07-14,福岡県,くもり,32.7,25.7,0.0,2026-07-13T16:22:27.154508+00:00
2026-07-14,佐賀県,くもり,32.2,25.7,0.0,2026-07-13T16:22:27.855145+00:00
2026-07-14,長崎県,晴れ時々くもり,30.8,26.2,0.0,2026-07-13T16:22:59.724277+00:00
2026-07-14,熊本県,くもり,32.5,25.0,0.0,2026-07-13T16:23:00.426534+00:00
2026-07-14,大分県,晴れ時々くもり,28.0,25.0,0.0,2026-07-13T16:23:01.121350+00:00
2026-07-14,宮崎県,晴れ,33.0,26.5,0.0,2026-07-13T16:23:01.877086+00:00
2026-07-14,鹿児島県,晴れ,31.4,26.1,0.0,2026-07-13T16:23:02.576348+00:00
2026-07-14,沖縄県,くもり,29.3,26.0,0.0,2026-07-13T16:23:03.269554+00:00
2026-07-15,北海道,霧雨(強),28.2,21.4,1.6,2026-07-14T15:15:39.379776+00:00
2026-07-15,青森県,雨,32.6,25.6,6.4,2026-07-14T15:15:40.081403+00:00
2026-07-15,岩手県,霧雨,33.6,22.8,1.2,2026-07-14T15:15:40.810244+00:00
2026-07-15,宮城県,くもり,30.4,22.7,0.0,2026-07-14T15:15:41.609440+00:00
2026-07-15,秋田県,雨,31.6,23.9,15.2,2026-07-14T15:15:42.351475+00:00
2026-07-15,山形県,くもり,34.1,24.6,0.0,2026-07-14T15:15:43.053599+00:00
2026-07-15,福島県,くもり,35.9,23.3,0.0,2026-07-14T15:15:43.761446+00:00
2026-07-15,茨城県,くもり,32.2,23.8,0.0,2026-07-14T15:15:44.470270+00:00
2026-07-15,栃木県,くもり,34.4,23.9,0.0,2026-07-14T15:15:45.176148+00:00
2026-07-15,群馬県,くもり,35.0,24.8,0.0,2026-07-14T15:16:17.027024+00:00
2026-07-15,埼玉県,くもり,34.1,24.5,0.0,2026-07-14T15:16:17.700642+00:00
2026-07-15,千葉県,くもり,30.4,24.7,0.0,2026-07-14T15:16:18.391225+00:00
2026-07-15,東京都,くもり,33.2,24.5,0.0,2026-07-14T15:16:19.094922+00:00
2026-07-15,神奈川県,くもり,32.4,25.0,0.0,2026-07-14T15:16:19.799908+00:00
2026-07-15,新潟県,霧雨(弱),32.2,24.0,0.3,2026-07-14T15:16:20.502380+00:00
2026-07-15,富山県,霧雨,36.9,23.8,0.7,2026-07-14T15:16:21.176501+00:00
2026-07-15,石川県,雨(弱),33.0,24.0,4.0,2026-07-14T15:16:21.866349+00:00
2026-07-15,福井県,霧雨(強),34.7,24.0,1.5,2026-07-14T15:16:22.560039+00:00
2026-07-15,山梨県,くもり,36.4,24.1,0.0,2026-07-14T15:16:23.276692+00:00
2026-07-15,長野県,くもり,37.6,22.9,0.0,2026-07-14T15:16:55.099092+00:00
2026-07-15,岐阜県,晴れ時々くもり,35.3,24.7,0.0,2026-07-14T15:16:55.789136+00:00
2026-07-15,静岡県,くもり,31.8,24.7,0.0,2026-07-14T15:16:56.479705+00:00
2026-07-15,愛知県,くもり,35.1,25.1,0.0,2026-07-14T15:16:57.245915+00:00
2026-07-15,三重県,くもり,34.2,25.4,0.0,2026-07-14T15:16:57.936333+00:00
2026-07-15,滋賀県,くもり,33.5,24.2,0.0,2026-07-14T15:16:58.643824+00:00
2026-07-15,京都府,くもり,32.9,24.4,0.0,2026-07-14T15:16:59.334236+00:00
2026-07-15,大阪府,くもり,31.3,24.8,0.0,2026-07-14T15:17:00.024764+00:00
2026-07-15,兵庫県,くもり,31.1,25.7,0.0,2026-07-14T15:17:00.726934+00:00
2026-07-15,奈良県,くもり,32.2,24.5,0.0,2026-07-14T15:17:32.556618+00:00
2026-07-15,和歌山県,くもり,32.3,25.1,0.0,2026-07-14T15:17:33.247582+00:00
2026-07-15,鳥取県,霧雨(弱),33.0,25.1,0.6,2026-07-14T15:17:33.937279+00:00
2026-07-15,島根県,くもり,34.3,25.5,0.0,2026-07-14T15:17:34.627832+00:00
2026-07-15,岡山県,くもり,31.1,24.9,0.0,2026-07-14T15:17:35.301868+00:00
2026-07-15,広島県,くもり,30.8,25.6,0.0,2026-07-14T15:17:35.991658+00:00
2026-07-15,山口県,霧雨,29.8,25.8,2.2,2026-07-14T15:17:36.684261+00:00
2026-07-15,徳島県,くもり,30.5,25.3,0.0,2026-07-14T15:17:37.374990+00:00
2026-07-15,香川県,くもり,30.7,25.4,0.0,2026-07-14T15:17:38.065855+00:00
2026-07-15,愛媛県,くもり,32.7,25.8,0.0,2026-07-14T15:17:38.760939+00:00
2026-07-15,高知県,くもり,31.2,24.8,0.0,2026-07-14T15:18:10.582061+00:00
2026-07-15,福岡県,霧雨,31.8,27.3,0.6,2026-07-14T15:18:11.283271+00:00
2026-07-15,佐賀県,霧雨(弱),30.8,27.4,0.1,2026-07-14T15:18:11.973856+00:00
2026-07-15,長崎県,霧雨(弱),29.5,26.8,1.3,2026-07-14T15:18:12.659993+00:00
2026-07-15,熊本県,霧雨(弱),30.2,25.9,1.8,2026-07-14T15:18:13.365164+00:00
2026-07-15,大分県,くもり,33.2,25.6,0.0,2026-07-14T15:18:14.169286+00:00
2026-07-15,宮崎県,くもり,33.4,27.4,0.0,2026-07-14T15:18:14.859385+00:00
2026-07-15,鹿児島県,くもり,30.3,27.3,0.0,2026-07-14T15:18:15.605556+00:00
2026-07-15,沖縄県,雷雨,29.3,26.0,0.5,2026-07-14T15:18:16.297743+00:00
2026-07-16,北海道,にわか雨,29.3,21.0,10.2,2026-07-15T15:17:21.546358+00:00
2026-07-16,青森県,霧雨(弱),31.8,23.4,0.7,2026-07-15T15:17:22.430694+00:00
2026-07-16,岩手県,くもり,35.4,24.0,0.0,2026-07-15T15:17:23.326141+00:00
2026-07-16,宮城県,霧雨(弱),30.7,23.5,0.2,2026-07-15T15:17:24.287680+00:00
2026-07-16,秋田県,雨(弱),28.7,23.1,6.4,2026-07-15T15:17:25.149951+00:00
2026-07-16,山形県,霧雨(弱),32.0,25.8,0.1,2026-07-15T15:17:25.951366+00:00
2026-07-16,福島県,霧雨,33.2,25.0,1.4,2026-07-15T15:17:26.789812+00:00
2026-07-16,茨城県,晴れ時々くもり,31.1,25.1,0.0,2026-07-15T15:17:27.631973+00:00
2026-07-16,栃木県,霧雨(強),33.2,24.4,2.8,2026-07-15T15:17:59.729096+00:00
2026-07-16,群馬県,雨,34.2,25.0,6.9,2026-07-15T15:18:00.534399+00:00
2026-07-16,埼玉県,晴れ時々くもり,34.1,24.9,0.0,2026-07-15T15:18:01.377638+00:00
2026-07-16,千葉県,晴れ時々くもり,31.4,25.8,0.0,2026-07-15T15:18:02.203622+00:00
2026-07-16,東京都,晴れ時々くもり,33.0,24.7,0.0,2026-07-15T15:18:03.006073+00:00
2026-07-16,神奈川県,晴れ,32.2,25.8,0.0,2026-07-15T15:18:03.848727+00:00
2026-07-16,新潟県,霧雨(弱),29.3,25.5,0.2,2026-07-15T15:18:04.650614+00:00
2026-07-16,富山県,霧雨,32.7,25.7,1.2,2026-07-15T15:18:05.471912+00:00
2026-07-16,石川県,霧雨(強),28.5,24.8,3.0,2026-07-15T15:18:06.271168+00:00
2026-07-16,福井県,霧雨(弱),30.9,24.7,1.6,2026-07-15T15:18:38.437012+00:00
2026-07-16,山梨県,雨,36.3,24.8,6.2,2026-07-15T15:18:39.256252+00:00
2026-07-16,長野県,霧雨(弱),32.2,23.7,0.4,2026-07-15T15:18:40.090949+00:00
2026-07-16,岐阜県,くもり,35.4,25.6,0.0,2026-07-15T15:18:40.903976+00:00
2026-07-16,静岡県,晴れ時々くもり,31.8,24.4,0.0,2026-07-15T15:18:41.718252+00:00
2026-07-16,愛知県,くもり,35.5,25.7,0.0,2026-07-15T15:18:42.531396+00:00
2026-07-16,三重県,くもり,33.4,26.9,0.0,2026-07-15T15:18:43.368662+00:00
2026-07-16,滋賀県,くもり,33.3,25.0,0.0,2026-07-15T15:18:44.186890+00:00
2026-07-16,京都府,くもり,33.4,25.0,0.0,2026-07-15T15:19:16.267864+00:00
2026-07-16,大阪府,くもり,32.5,26.2,0.0,2026-07-15T15:19:17.102950+00:00
2026-07-16,兵庫県,くもり,32.8,26.1,0.0,2026-07-15T15:19:17.952721+00:00
2026-07-16,奈良県,くもり,33.6,25.8,0.0,2026-07-15T15:19:18.866124+00:00
2026-07-16,和歌山県,くもり,33.4,26.2,0.0,2026-07-15T15:19:19.725057+00:00
2026-07-16,鳥取県,晴れ時々くもり,29.6,23.7,0.0,2026-07-15T15:19:20.560710+00:00
2026-07-16,島根県,くもり,33.8,25.6,0.0,2026-07-15T15:19:21.409430+00:00
2026-07-16,岡山県,晴れ時々くもり,33.7,25.0,0.0,2026-07-15T15:19:22.232438+00:00
2026-07-16,広島県,晴れ時々くもり,33.2,24.4,0.0,2026-07-15T15:19:54.278386+00:00
2026-07-16,山口県,くもり,33.2,25.0,0.0,2026-07-15T15:19:55.130827+00:00
2026-07-16,徳島県,晴れ時々くもり,34.3,26.0,0.0,2026-07-15T15:19:55.950033+00:00
2026-07-16,香川県,晴れ時々くもり,31.9,26.5,0.0,2026-07-15T15:19:56.800285+00:00
2026-07-16,愛媛県,霧雨(弱),32.3,26.2,0.1,2026-07-15T15:19:57.621351+00:00
2026-07-16,高知県,くもり,34.0,25.3,0.0,2026-07-15T15:19:58.419855+00:00
2026-07-16,福岡県,くもり,30.1,26.3,0.0,2026-07-15T15:19:59.225923+00:00
2026-07-16,佐賀県,晴れ時々くもり,35.0,26.5,0.0,2026-07-15T15:20:00.065866+00:00
2026-07-16,長崎県,くもり,29.7,26.5,0.0,2026-07-15T15:20:32.168359+00:00
2026-07-16,熊本県,霧雨(弱),31.5,26.2,1.7,2026-07-15T15:20:32.969687+00:00
2026-07-16,大分県,晴れ時々くもり,30.0,26.4,0.0,2026-07-15T15:20:33.771942+00:00
2026-07-16,宮崎県,くもり,33.8,27.7,0.0,2026-07-15T15:20:34.609724+00:00
2026-07-16,鹿児島県,晴れ時々くもり,29.3,27.1,0.0,2026-07-15T15:20:35.447608+00:00
2026-07-16,沖縄県,霧雨(弱),29.7,26.9,0.2,2026-07-15T15:20:36.288856+00:00
2026-07-17,北海道,くもり,27.9,20.4,0.0,2026-07-16T15:25:01.480232+00:00
2026-07-17,青森県,くもり,29.0,20.9,0.0,2026-07-16T15:25:02.394655+00:00
2026-07-17,岩手県,霧雨(弱),29.3,23.8,0.8,2026-07-16T15:25:03.325443+00:00
2026-07-17,宮城県,霧雨(弱),25.8,23.4,0.2,2026-07-16T15:25:04.287131+00:00
2026-07-17,秋田県,くもり,32.6,22.5,0.0,2026-07-16T15:25:05.239230+00:00
2026-07-17,山形県,霧雨(弱),29.4,23.5,0.3,2026-07-16T15:25:06.162169+00:00
2026-07-17,福島県,雨(弱),28.1,24.2,3.1,2026-07-16T15:25:07.085842+00:00
2026-07-17,茨城県,霧雨(弱),27.4,24.2,1.1,2026-07-16T15:25:08.008178+00:00
2026-07-17,栃木県,雨,27.5,23.9,28.5,2026-07-16T15:25:40.097804+00:00
2026-07-17,群馬県,雨,29.5,24.5,14.8,2026-07-16T15:25:41.024236+00:00
2026-07-17,埼玉県,雨,29.4,25.4,9.0,2026-07-16T15:25:41.953611+00:00
2026-07-17,千葉県,雨,28.6,25.1,12.6,2026-07-16T15:25:42.905791+00:00
2026-07-17,東京都,霧雨(弱),29.5,25.4,1.6,2026-07-16T15:25:43.828293+00:00
2026-07-17,神奈川県,霧雨,29.0,25.5,3.2,2026-07-16T15:25:44.760583+00:00
2026-07-17,新潟県,霧雨,27.7,24.6,0.6,2026-07-16T15:25:45.667209+00:00
2026-07-17,富山県,霧雨(弱),27.9,24.6,0.4,2026-07-16T15:25:46.589563+00:00
2026-07-17,石川県,霧雨(弱),28.0,24.1,0.1,2026-07-16T15:26:18.692410+00:00
2026-07-17,福井県,くもり,31.8,23.6,0.0,2026-07-16T15:26:19.616563+00:00
2026-07-17,山梨県,霧雨,31.2,24.3,3.4,2026-07-16T15:26:20.580209+00:00
2026-07-17,長野県,雨,31.4,23.9,16.1,2026-07-16T15:26:21.503202+00:00
2026-07-17,岐阜県,くもり,34.0,24.6,0.0,2026-07-16T15:26:22.427233+00:00
2026-07-17,静岡県,雨(弱),30.4,25.6,10.6,2026-07-16T15:26:23.346419+00:00
2026-07-17,愛知県,くもり,33.3,24.8,0.0,2026-07-16T15:26:24.260725+00:00
2026-07-17,三重県,くもり,29.5,24.5,0.0,2026-07-16T15:26:25.207639+00:00
2026-07-17,滋賀県,くもり,35.3,23.7,0.0,2026-07-16T15:26:26.134112+00:00
2026-07-17,京都府,くもり,35.4,23.4,0.0,2026-07-16T15:26:27.041519+00:00
2026-07-17,大阪府,晴れ時々くもり,33.7,24.4,0.0,2026-07-16T15:26:59.130810+00:00
2026-07-17,兵庫県,くもり,33.4,25.9,0.0,2026-07-16T15:27:00.066466+00:00
2026-07-17,奈良県,くもり,35.4,23.5,0.0,2026-07-16T15:27:00.997401+00:00
2026-07-17,和歌山県,晴れ時々くもり,32.5,25.4,0.0,2026-07-16T15:27:01.921695+00:00
2026-07-17,鳥取県,霧雨(弱),28.4,22.8,0.2,2026-07-16T15:27:02.852672+00:00
2026-07-17,島根県,霧雨,28.8,24.5,2.1,2026-07-16T15:27:03.769508+00:00
2026-07-17,岡山県,晴れ時々くもり,31.8,24.7,0.0,2026-07-16T15:27:04.717472+00:00
2026-07-17,広島県,霧雨(弱),29.8,24.9,0.1,2026-07-16T15:27:05.644039+00:00
2026-07-17,山口県,霧雨(弱),30.0,25.9,1.8,2026-07-16T15:27:37.772779+00:00
2026-07-17,徳島県,くもり,31.2,25.6,0.0,2026-07-16T15:27:38.701388+00:00
2026-07-17,香川県,くもり,29.1,25.1,0.0,2026-07-16T15:27:39.626802+00:00
2026-07-17,愛媛県,くもり,30.2,25.6,0.0,2026-07-16T15:27:40.544738+00:00
2026-07-17,高知県,くもり,33.3,25.6,0.0,2026-07-16T15:27:41.459515+00:00
2026-07-17,福岡県,雨(弱),30.9,26.3,4.7,2026-07-16T15:27:42.408116+00:00
2026-07-17,佐賀県,霧雨(強),31.5,26.2,2.4,2026-07-16T15:27:43.343347+00:00
2026-07-17,長崎県,くもり,29.0,26.5,0.0,2026-07-16T15:28:15.507573+00:00
2026-07-17,熊本県,霧雨(強),30.8,25.9,2.7,2026-07-16T15:28:16.458515+00:00
2026-07-17,大分県,霧雨(弱),28.2,26.0,0.1,2026-07-16T15:28:17.395599+00:00
2026-07-17,宮崎県,霧雨(弱),29.3,27.6,0.2,2026-07-16T15:28:18.331454+00:00
2026-07-17,鹿児島県,くもり,29.4,27.0,0.0,2026-07-16T15:28:19.294616+00:00
2026-07-17,沖縄県,雷雨,29.9,27.2,0.9,2026-07-16T15:28:20.321074+00:00
2026-07-18,北海道,にわか雨(弱),23.1,20.5,18.9,2026-07-17T15:04:50.396130+00:00
2026-07-18,青森県,霧雨,25.1,22.2,6.3,2026-07-17T15:04:51.332964+00:00
2026-07-18,岩手県,霧雨(強),24.1,21.6,5.5,2026-07-17T15:04:52.306215+00:00
2026-07-18,宮城県,霧雨(弱),24.9,23.0,1.8,2026-07-17T15:04:53.272381+00:00
2026-07-18,秋田県,霧雨(強),25.7,22.9,4.0,2026-07-17T15:04:54.209457+00:00
2026-07-18,山形県,霧雨,24.4,22.5,2.6,2026-07-17T15:04:55.176100+00:00
2026-07-18,福島県,霧雨(弱),27.4,22.9,0.7,2026-07-17T15:04:56.111933+00:00
2026-07-18,茨城県,霧雨(弱),24.9,22.7,0.3,2026-07-17T15:05:28.298269+00:00
2026-07-18,栃木県,雨(弱),24.4,22.5,8.9,2026-07-17T15:05:29.236754+00:00
2026-07-18,群馬県,霧雨(強),26.1,23.4,6.2,2026-07-17T15:05:30.173028+00:00
2026-07-18,埼玉県,霧雨,27.1,23.9,1.8,2026-07-17T15:05:31.118657+00:00
2026-07-18,千葉県,霧雨(弱),27.8,24.2,0.1,2026-07-17T15:05:32.056933+00:00
2026-07-18,東京都,霧雨(弱),26.9,23.9,1.0,2026-07-17T15:05:33.022586+00:00
2026-07-18,神奈川県,霧雨(弱),27.2,24.8,0.5,2026-07-17T15:05:33.959386+00:00
2026-07-18,新潟県,霧雨(弱),29.1,25.0,0.3,2026-07-17T15:06:06.158243+00:00
2026-07-18,富山県,霧雨,30.6,24.5,0.9,2026-07-17T15:06:07.142859+00:00
2026-07-18,石川県,くもり,31.7,25.1,0.0,2026-07-17T15:06:08.109335+00:00
2026-07-18,福井県,晴れ,33.9,25.9,0.0,2026-07-17T15:06:09.075728+00:00
2026-07-18,山梨県,くもり,30.5,24.0,0.0,2026-07-17T15:06:10.041568+00:00
2026-07-18,長野県,霧雨(弱),29.5,23.9,0.9,2026-07-17T15:06:10.979027+00:00
2026-07-18,岐阜県,霧雨(弱),29.4,25.7,2.5,2026-07-17T15:06:11.989913+00:00
2026-07-18,静岡県,霧雨(弱),28.5,24.7,1.2,2026-07-17T15:06:44.169434+00:00
2026-07-18,愛知県,霧雨(弱),29.8,25.5,1.0,2026-07-17T15:06:45.156522+00:00
2026-07-18,三重県,霧雨(弱),28.0,25.8,1.3,2026-07-17T15:06:46.140878+00:00
2026-07-18,滋賀県,霧雨(弱),32.2,26.2,0.6,2026-07-17T15:06:47.076992+00:00
2026-07-18,京都府,霧雨(弱),32.7,26.0,0.3,2026-07-17T15:06:48.043708+00:00
2026-07-18,大阪府,晴れ時々くもり,31.3,26.1,0.0,2026-07-17T15:06:48.980165+00:00
2026-07-18,兵庫県,晴れ,30.4,26.6,0.0,2026-07-17T15:06:49.915893+00:00
2026-07-18,奈良県,霧雨(弱),32.6,26.1,0.1,2026-07-17T15:06:50.884239+00:00
2026-07-18,和歌山県,晴れ時々くもり,30.5,26.0,0.0,2026-07-17T15:07:23.042396+00:00
2026-07-18,鳥取県,晴れ時々くもり,32.5,24.8,0.0,2026-07-17T15:07:23.978665+00:00
2026-07-18,島根県,霧雨(弱),32.6,25.0,0.4,2026-07-17T15:07:24.922679+00:00
2026-07-18,岡山県,霧雨(弱),32.2,24.7,0.3,2026-07-17T15:07:25.859388+00:00
2026-07-18,広島県,晴れ,32.0,25.9,0.0,2026-07-17T15:07:26.796822+00:00
2026-07-18,山口県,霧雨(弱),30.8,25.6,0.4,2026-07-17T15:07:27.734793+00:00
2026-07-18,徳島県,霧雨(弱),31.1,26.8,0.1,2026-07-17T15:07:28.671380+00:00
2026-07-18,香川県,晴れ時々くもり,31.1,25.5,0.0,2026-07-17T15:07:29.607810+00:00
2026-07-18,愛媛県,晴れ,31.5,25.9,0.0,2026-07-17T15:08:01.799952+00:00
2026-07-18,高知県,霧雨(弱),30.8,25.8,0.9,2026-07-17T15:08:02.737317+00:00
2026-07-18,福岡県,晴れ時々くもり,33.1,26.8,0.0,2026-07-17T15:08:03.677019+00:00
2026-07-18,佐賀県,晴れ,33.2,26.3,0.0,2026-07-17T15:08:04.614075+00:00
2026-07-18,長崎県,霧雨(弱),30.6,26.4,0.1,2026-07-17T15:08:05.550275+00:00
2026-07-18,熊本県,晴れ時々くもり,33.0,25.4,0.0,2026-07-17T15:08:06.486524+00:00
2026-07-18,大分県,晴れ時々くもり,32.3,26.0,0.0,2026-07-17T15:08:07.427752+00:00
2026-07-18,宮崎県,霧雨(弱),30.4,26.9,0.3,2026-07-17T15:08:39.555464+00:00
2026-07-18,鹿児島県,霧雨,29.4,26.5,1.7,2026-07-17T15:08:40.492173+00:00
2026-07-18,沖縄県,霧雨(弱),30.4,27.0,0.4,2026-07-17T15:08:41.428579+00:00
2026-07-18,北海道,にわか雨,23.9,20.8,18.0,2026-07-18T14:43:17.139835+00:00
2026-07-18,青森県,雨(弱),24.9,22.5,11.6,2026-07-18T14:43:18.054767+00:00
2026-07-18,岩手県,霧雨(弱),27.3,22.5,0.4,2026-07-18T14:43:18.996351+00:00
2026-07-18,宮城県,霧雨,25.4,23.5,2.7,2026-07-18T14:43:19.928791+00:00
2026-07-18,秋田県,霧雨(強),28.1,24.0,2.7,2026-07-18T14:43:20.836772+00:00
2026-07-18,山形県,霧雨(弱),27.1,23.6,0.4,2026-07-18T14:43:21.756289+00:00
2026-07-18,福島県,雨(弱),27.2,23.4,4.3,2026-07-18T14:43:22.674459+00:00
2026-07-18,茨城県,霧雨,26.6,23.5,1.0,2026-07-18T14:43:23.585803+00:00
2026-07-18,栃木県,霧雨(強),27.9,23.1,4.4,2026-07-18T14:43:55.691084+00:00
2026-07-18,群馬県,雨,26.9,23.5,15.8,2026-07-18T14:43:56.597106+00:00
2026-07-18,埼玉県,霧雨(強),28.6,23.9,3.6,2026-07-18T14:43:57.520304+00:00
2026-07-18,千葉県,霧雨(弱),28.6,24.5,0.1,2026-07-18T14:43:58.450001+00:00
2026-07-18,東京都,霧雨(弱),28.3,23.9,1.4,2026-07-18T14:43:59.381935+00:00
2026-07-18,神奈川県,霧雨(弱),29.0,25.3,0.1,2026-07-18T14:44:00.295670+00:00
2026-07-18,新潟県,雨(弱),29.4,25.7,2.6,2026-07-18T14:44:01.214022+00:00
2026-07-18,富山県,くもり,31.7,24.5,0.0,2026-07-18T14:44:33.356032+00:00
2026-07-18,石川県,晴れ時々くもり,32.9,25.1,0.0,2026-07-18T14:44:34.347984+00:00
2026-07-18,福井県,晴れ時々くもり,34.4,25.6,0.0,2026-07-18T14:44:35.268649+00:00
2026-07-18,山梨県,雨(弱),30.0,24.1,3.6,2026-07-18T14:44:36.197095+00:00
2026-07-18,長野県,雨(強),29.4,23.6,71.9,2026-07-18T14:44:37.167430+00:00
2026-07-18,岐阜県,霧雨(弱),31.7,25.8,0.4,2026-07-18T14:44:38.096115+00:00
2026-07-18,静岡県,雨,28.0,25.2,16.2,2026-07-18T14:44:39.178553+00:00
2026-07-18,愛知県,晴れ時々くもり,31.4,25.3,0.0,2026-07-18T14:45:11.328928+00:00
2026-07-18,三重県,霧雨(弱),29.4,25.7,0.2,2026-07-18T14:45:12.263654+00:00
2026-07-18,滋賀県,霧雨(弱),33.5,26.2,0.4,2026-07-18T14:45:13.188579+00:00
2026-07-18,京都府,雨(弱),33.5,25.7,2.5,2026-07-18T14:45:14.100695+00:00
2026-07-18,大阪府,霧雨(弱),32.3,25.2,0.3,2026-07-18T14:45:15.013320+00:00
2026-07-18,兵庫県,晴れ時々くもり,32.0,26.6,0.0,2026-07-18T14:45:15.928320+00:00
2026-07-18,奈良県,霧雨(強),32.2,26.1,2.1,2026-07-18T14:45:16.899507+00:00
2026-07-18,和歌山県,晴れ時々くもり,32.0,25.8,0.0,2026-07-18T14:45:49.014875+00:00
2026-07-18,鳥取県,くもり,33.4,24.8,0.0,2026-07-18T14:45:49.951494+00:00
2026-07-18,島根県,霧雨,33.1,25.4,1.1,2026-07-18T14:45:50.863131+00:00
2026-07-18,岡山県,くもり,34.4,25.0,0.0,2026-07-18T14:45:51.784819+00:00
2026-07-18,広島県,くもり,32.4,25.8,0.0,2026-07-18T14:45:52.709414+00:00
2026-07-18,山口県,霧雨(弱),30.1,26.1,0.1,2026-07-18T14:45:53.608684+00:00
2026-07-18,徳島県,霧雨(弱),31.5,26.3,0.2,2026-07-18T14:45:54.515319+00:00
2026-07-18,香川県,霧雨(弱),32.0,25.9,0.2,2026-07-18T14:45:55.427700+00:00
2026-07-18,愛媛県,くもり,31.7,26.3,0.0,2026-07-18T14:46:27.543036+00:00
2026-07-18,高知県,雨(弱),31.7,25.6,4.6,2026-07-18T14:46:28.451322+00:00
2026-07-18,福岡県,晴れ時々くもり,32.9,26.9,0.0,2026-07-18T14:46:29.364724+00:00
2026-07-18,佐賀県,晴れ時々くもり,33.3,25.8,0.0,2026-07-18T14:46:30.281730+00:00
2026-07-18,長崎県,晴れ時々くもり,30.7,26.1,0.0,2026-07-18T14:46:31.184014+00:00
2026-07-18,熊本県,霧雨(弱),31.9,25.5,0.1,2026-07-18T14:46:32.099299+00:00
2026-07-18,大分県,霧雨(弱),31.9,26.1,0.3,2026-07-18T14:46:33.012061+00:00
2026-07-18,宮崎県,晴れ時々くもり,30.6,26.8,0.0,2026-07-18T14:47:05.116957+00:00
2026-07-18,鹿児島県,霧雨(弱),29.9,26.4,0.2,2026-07-18T14:47:06.038222+00:00
2026-07-18,沖縄県,霧雨(弱),30.4,27.2,0.3,2026-07-18T14:47:06.962826+00:00
2026-07-19,北海道,にわか雨,25.0,20.5,20.8,2026-07-19T14:46:09.158887+00:00
2026-07-19,青森県,雨,30.9,22.9,22.2,2026-07-19T14:46:10.110775+00:00
2026-07-19,岩手県,雨(弱),30.1,23.6,4.3,2026-07-19T14:46:11.112142+00:00
2026-07-19,宮城県,くもり,29.1,22.4,0.0,2026-07-19T14:46:12.060789+00:00
2026-07-19,秋田県,雨(弱),27.9,24.0,8.9,2026-07-19T14:46:13.012220+00:00
2026-07-19,山形県,霧雨(弱),31.9,23.4,0.4,2026-07-19T14:46:13.932694+00:00
2026-07-19,福島県,雨(弱),33.1,24.2,1.8,2026-07-19T14:46:14.893473+00:00
2026-07-19,茨城県,晴れ,31.2,22.8,0.0,2026-07-19T14:46:47.053783+00:00
2026-07-19,栃木県,晴れ時々くもり,31.8,22.7,0.0,2026-07-19T14:46:47.979438+00:00
2026-07-19,群馬県,くもり,32.8,23.9,0.0,2026-07-19T14:46:48.928344+00:00
2026-07-19,埼玉県,晴れ時々くもり,32.5,24.3,0.0,2026-07-19T14:46:49.870638+00:00
2026-07-19,千葉県,晴れ,30.2,23.9,0.0,2026-07-19T14:46:50.801780+00:00
2026-07-19,東京都,晴れ時々くもり,31.4,24.5,0.0,2026-07-19T14:46:51.780295+00:00
2026-07-19,神奈川県,晴れ時々くもり,31.2,25.4,0.0,2026-07-19T14:46:52.752718+00:00
2026-07-19,新潟県,霧雨(弱),31.4,25.9,0.1,2026-07-19T14:46:53.684590+00:00
2026-07-19,富山県,晴れ時々くもり,34.7,27.5,0.0,2026-07-19T14:46:54.623683+00:00
2026-07-19,石川県,くもり,32.1,26.0,0.0,2026-07-19T14:46:55.529435+00:00
2026-07-19,福井県,くもり,34.7,26.8,0.0,2026-07-19T14:46:56.489108+00:00
2026-07-19,山梨県,霧雨(弱),33.2,23.6,0.3,2026-07-19T14:46:57.411041+00:00
2026-07-19,長野県,霧雨(弱),33.6,24.6,0.1,2026-07-19T14:47:29.554641+00:00
2026-07-19,岐阜県,霧雨(弱),32.0,24.8,0.1,2026-07-19T14:47:30.519455+00:00
2026-07-19,静岡県,霧雨(弱),29.4,24.3,1.5,2026-07-19T14:47:31.468076+00:00
2026-07-19,愛知県,晴れ時々くもり,31.5,24.7,0.0,2026-07-19T14:47:32.388713+00:00
2026-07-19,三重県,霧雨(弱),29.7,25.7,1.9,2026-07-19T14:47:33.341527+00:00
2026-07-19,滋賀県,霧雨(弱),32.6,25.4,0.5,2026-07-19T14:47:34.290487+00:00
2026-07-19,京都府,霧雨,33.0,25.0,0.6,2026-07-19T14:47:35.205071+00:00
2026-07-19,大阪府,晴れ,32.9,24.7,0.0,2026-07-19T14:47:36.141293+00:00
2026-07-19,兵庫県,晴れ,31.9,26.4,0.0,2026-07-19T14:47:37.047979+00:00
2026-07-19,奈良県,霧雨,32.8,25.0,1.2,2026-07-19T14:48:09.189961+00:00
2026-07-19,和歌山県,晴れ,32.0,25.3,0.0,2026-07-19T14:48:10.138150+00:00
2026-07-19,鳥取県,霧雨(弱),33.9,27.5,0.1,2026-07-19T14:48:11.071789+00:00
2026-07-19,島根県,くもり,35.3,25.5,0.0,2026-07-19T14:48:12.029151+00:00
2026-07-19,岡山県,晴れ時々くもり,33.1,25.7,0.0,2026-07-19T14:48:12.979178+00:00
2026-07-19,広島県,晴れ時々くもり,33.3,25.9,0.0,2026-07-19T14:48:13.891720+00:00
2026-07-19,山口県,霧雨(弱),32.5,25.8,1.0,2026-07-19T14:48:14.828166+00:00
2026-07-19,徳島県,晴れ時々くもり,32.2,26.8,0.0,2026-07-19T14:48:15.770784+00:00
2026-07-19,香川県,晴れ時々くもり,31.0,26.4,0.0,2026-07-19T14:48:16.740800+00:00
2026-07-19,愛媛県,晴れ時々くもり,32.2,25.3,0.0,2026-07-19T14:48:48.881538+00:00
2026-07-19,高知県,雨,31.9,26.1,11.8,2026-07-19T14:48:49.826722+00:00
2026-07-19,福岡県,晴れ,33.3,26.4,0.0,2026-07-19T14:48:50.797238+00:00
2026-07-19,佐賀県,霧雨(弱),33.1,26.1,0.1,2026-07-19T14:48:51.763175+00:00
2026-07-19,長崎県,霧雨,30.5,26.7,1.8,2026-07-19T14:48:52.696822+00:00
2026-07-19,熊本県,霧雨,32.7,25.9,0.6,2026-07-19T14:48:53.651962+00:00
2026-07-19,大分県,霧雨(弱),31.9,26.5,0.6,2026-07-19T14:48:54.582480+00:00
2026-07-19,宮崎県,霧雨(弱),31.1,26.8,0.2,2026-07-19T14:48:55.559359+00:00
2026-07-19,鹿児島県,晴れ時々くもり,30.2,27.5,0.0,2026-07-19T14:48:56.503489+00:00
2026-07-19,沖縄県,雷雨,31.5,27.1,2.7,2026-07-19T14:49:28.620364+00:00
2026-07-21,北海道,くもり,27.1,19.0,0.0,2026-07-20T15:44:21.635428+00:00
2026-07-21,青森県,晴れ時々くもり,27.5,21.1,0.0,2026-07-20T15:44:53.852778+00:00
2026-07-21,岩手県,晴れ時々くもり,31.8,22.9,0.0,2026-07-20T15:44:54.770678+00:00
2026-07-21,宮城県,霧雨,32.2,24.2,1.4,2026-07-20T15:44:55.638866+00:00
2026-07-21,秋田県,霧雨(弱),28.5,23.1,1.1,2026-07-20T15:44:56.524737+00:00
2026-07-21,山形県,霧雨,31.5,24.5,3.1,2026-07-20T15:44:57.421331+00:00
2026-07-21,福島県,晴れ,34.6,24.5,0.0,2026-07-20T15:44:58.260304+00:00
2026-07-21,茨城県,霧雨,34.4,25.8,0.6,2026-07-20T15:44:59.109622+00:00
2026-07-21,栃木県,霧雨,36.3,25.0,2.0,2026-07-20T15:44:59.951337+00:00
2026-07-21,群馬県,霧雨(弱),37.4,26.3,0.2,2026-07-20T15:45:32.106298+00:00
2026-07-21,埼玉県,晴れ,35.8,25.3,0.0,2026-07-20T15:45:32.985704+00:00
2026-07-21,千葉県,晴れ,31.6,25.5,0.0,2026-07-20T15:45:33.848534+00:00
2026-07-21,東京都,晴れ,34.1,25.0,0.0,2026-07-20T15:45:34.694085+00:00
2026-07-21,神奈川県,晴れ,33.1,25.8,0.0,2026-07-20T15:45:35.544100+00:00
2026-07-21,新潟県,晴れ時々くもり,29.7,25.4,0.0,2026-07-20T15:45:36.389700+00:00
2026-07-21,富山県,晴れ,33.4,24.9,0.0,2026-07-20T15:45:37.279775+00:00
2026-07-21,石川県,晴れ,31.3,25.2,0.0,2026-07-20T15:45:38.145319+00:00
2026-07-21,福井県,晴れ,33.7,25.1,0.0,2026-07-20T15:46:10.179787+00:00
2026-07-21,山梨県,霧雨,35.6,25.5,1.6,2026-07-20T15:46:11.000502+00:00
2026-07-21,長野県,晴れ,32.3,24.1,0.0,2026-07-20T15:46:11.847215+00:00
2026-07-21,岐阜県,晴れ,37.7,25.6,0.0,2026-07-20T15:46:12.701575+00:00
2026-07-21,静岡県,くもり,31.3,26.1,0.0,2026-07-20T15:46:13.562153+00:00
2026-07-21,愛知県,晴れ,37.9,26.4,0.0,2026-07-20T15:46:14.410371+00:00
2026-07-21,三重県,霧雨(弱),35.9,27.1,0.2,2026-07-20T15:46:16.296780+00:00
2026-07-21,滋賀県,霧雨(弱),35.7,26.1,0.4,2026-07-20T15:46:48.542055+00:00
2026-07-21,京都府,霧雨(弱),35.7,25.8,0.1,2026-07-20T15:46:49.392350+00:00
2026-07-21,大阪府,晴れ,34.1,26.3,0.0,2026-07-20T15:46:50.239913+00:00
2026-07-21,兵庫県,晴れ,34.4,26.4,0.0,2026-07-20T15:46:51.093653+00:00
2026-07-21,奈良県,霧雨(弱),36.2,25.8,0.1,2026-07-20T15:46:51.922937+00:00
2026-07-21,和歌山県,快晴,33.6,25.6,0.0,2026-07-20T15:46:52.805602+00:00
2026-07-21,鳥取県,晴れ,30.5,25.8,0.0,2026-07-20T15:46:53.689314+00:00
2026-07-21,島根県,晴れ,35.3,26.0,0.0,2026-07-20T15:46:54.546316+00:00
2026-07-21,岡山県,晴れ,35.1,26.1,0.0,2026-07-20T15:47:26.546470+00:00
2026-07-21,広島県,晴れ,33.4,26.0,0.0,2026-07-20T15:47:27.451654+00:00
2026-07-21,山口県,霧雨(弱),33.6,24.8,0.2,2026-07-20T15:47:28.309956+00:00
2026-07-21,徳島県,晴れ,33.2,26.4,0.0,2026-07-20T15:47:29.137801+00:00
2026-07-21,香川県,晴れ,31.7,27.2,0.0,2026-07-20T15:47:29.987465+00:00
2026-07-21,愛媛県,晴れ,32.3,26.7,0.0,2026-07-20T15:47:30.874612+00:00
2026-07-21,高知県,霧雨(弱),33.1,25.9,0.3,2026-07-20T15:47:31.732458+00:00
2026-07-21,福岡県,晴れ,30.5,25.7,0.0,2026-07-20T15:47:32.566641+00:00
2026-07-21,佐賀県,晴れ,34.5,25.8,0.0,2026-07-20T15:48:04.573647+00:00
2026-07-21,長崎県,晴れ,31.0,26.0,0.0,2026-07-20T15:48:05.416748+00:00
2026-07-21,熊本県,晴れ,33.3,26.3,0.0,2026-07-20T15:48:06.264461+00:00
2026-07-21,大分県,晴れ,29.8,26.1,0.0,2026-07-20T15:48:07.118857+00:00
2026-07-21,宮崎県,晴れ,31.6,26.1,0.0,2026-07-20T15:48:07.961984+00:00
2026-07-21,鹿児島県,晴れ,31.2,26.5,0.0,2026-07-20T15:48:08.821672+00:00
2026-07-21,沖縄県,雷雨,30.6,27.2,4.5,2026-07-20T15:48:09.654955+00:00
2026-07-22,北海道,霧雨(強),27.0,19.6,4.7,2026-07-21T15:28:14.583250+00:00
2026-07-22,青森県,霧雨(強),27.6,22.2,4.4,2026-07-21T15:28:15.517571+00:00
2026-07-22,岩手県,霧雨(弱),29.9,22.8,0.2,2026-07-21T15:28:16.481204+00:00
2026-07-22,宮城県,霧雨(弱),32.9,23.7,0.1,2026-07-21T15:28:17.444614+00:00
2026-07-22,秋田県,雨(弱),26.7,23.0,9.7,2026-07-21T15:28:18.396767+00:00
2026-07-22,山形県,霧雨(弱),31.9,23.0,0.2,2026-07-21T15:28:19.362377+00:00
2026-07-22,福島県,晴れ時々くもり,35.4,23.3,0.0,2026-07-21T15:28:20.295705+00:00
2026-07-22,茨城県,霧雨,35.3,24.9,1.8,2026-07-21T15:28:52.489111+00:00
2026-07-22,栃木県,雨(弱),36.9,25.5,3.1,2026-07-21T15:28:53.468330+00:00
2026-07-22,群馬県,晴れ,37.8,26.6,0.0,2026-07-21T15:28:54.449089+00:00
2026-07-22,埼玉県,晴れ,36.6,26.0,0.0,2026-07-21T15:28:55.448434+00:00
2026-07-22,千葉県,晴れ時々くもり,32.6,25.7,0.0,2026-07-21T15:28:56.431845+00:00
2026-07-22,東京都,晴れ時々くもり,34.6,25.6,0.0,2026-07-21T15:28:57.409757+00:00
2026-07-22,神奈川県,晴れ,33.8,26.3,0.0,2026-07-21T15:28:58.375865+00:00
2026-07-22,新潟県,晴れ,30.5,24.2,0.0,2026-07-21T15:29:30.520571+00:00
2026-07-22,富山県,くもり,34.9,25.2,0.0,2026-07-21T15:29:31.497708+00:00
2026-07-22,石川県,晴れ,32.0,25.8,0.0,2026-07-21T15:29:32.575427+00:00
2026-07-22,福井県,霧雨(弱),34.3,25.7,0.1,2026-07-21T15:29:33.526416+00:00
2026-07-22,山梨県,霧雨(弱),38.5,26.0,0.4,2026-07-21T15:29:34.504873+00:00
2026-07-22,長野県,晴れ,33.3,23.5,0.0,2026-07-21T15:29:35.474190+00:00
2026-07-22,岐阜県,晴れ,38.3,26.3,0.0,2026-07-21T15:29:36.459042+00:00
2026-07-22,静岡県,くもり,31.8,26.3,0.0,2026-07-21T15:30:08.663028+00:00
2026-07-22,愛知県,晴れ,37.7,26.9,0.0,2026-07-21T15:30:09.649284+00:00
2026-07-22,三重県,晴れ,35.0,27.5,0.0,2026-07-21T15:30:10.636181+00:00
2026-07-22,滋賀県,霧雨(弱),35.2,26.3,0.2,2026-07-21T15:30:11.600007+00:00
2026-07-22,京都府,霧雨(弱),35.3,26.0,0.1,2026-07-21T15:30:12.582347+00:00
2026-07-22,大阪府,晴れ,34.0,26.9,0.0,2026-07-21T15:30:13.516611+00:00
2026-07-22,兵庫県,晴れ時々くもり,33.7,26.8,0.0,2026-07-21T15:30:14.495656+00:00
2026-07-22,奈良県,晴れ,36.2,26.0,0.0,2026-07-21T15:30:46.632588+00:00
2026-07-22,和歌山県,快晴,34.8,26.2,0.0,2026-07-21T15:30:47.568634+00:00
2026-07-22,鳥取県,晴れ,31.9,25.9,0.0,2026-07-21T15:30:48.502564+00:00
2026-07-22,島根県,晴れ,35.1,26.4,0.0,2026-07-21T15:30:49.454996+00:00
2026-07-22,岡山県,晴れ,36.0,26.1,0.0,2026-07-21T15:30:50.389587+00:00
2026-07-22,広島県,晴れ,33.5,25.9,0.0,2026-07-21T15:30:51.341355+00:00
2026-07-22,山口県,晴れ,34.7,25.1,0.0,2026-07-21T15:30:52.277647+00:00
2026-07-22,徳島県,晴れ,33.1,26.2,0.0,2026-07-21T15:31:24.410350+00:00
2026-07-22,香川県,晴れ,31.9,27.2,0.0,2026-07-21T15:31:25.344056+00:00
2026-07-22,愛媛県,晴れ,32.3,26.0,0.0,2026-07-21T15:31:26.301697+00:00
2026-07-22,高知県,晴れ,33.1,25.6,0.0,2026-07-21T15:31:27.236882+00:00
2026-07-22,福岡県,晴れ,31.2,25.3,0.0,2026-07-21T15:31:28.186750+00:00
2026-07-22,佐賀県,晴れ,35.4,25.3,0.0,2026-07-21T15:31:29.125063+00:00
2026-07-22,長崎県,晴れ,31.6,25.8,0.0,2026-07-21T15:31:30.076030+00:00
2026-07-22,熊本県,晴れ,34.5,25.8,0.0,2026-07-21T15:32:02.202771+00:00
2026-07-22,大分県,晴れ,29.6,26.5,0.0,2026-07-21T15:32:03.155081+00:00
2026-07-22,宮崎県,晴れ,30.9,27.1,0.0,2026-07-21T15:32:04.089736+00:00
2026-07-22,鹿児島県,晴れ,30.7,26.7,0.0,2026-07-21T15:32:05.039589+00:00
2026-07-22,沖縄県,雷雨,30.9,26.9,6.3,2026-07-21T15:32:05.975725+00:00
2026-07-23,北海道,くもり,26.4,18.5,0.0,2026-07-22T15:25:10.364971+00:00
2026-07-23,青森県,霧雨(弱),27.4,21.8,1.0,2026-07-22T15:25:11.273001+00:00
2026-07-23,岩手県,霧雨(弱),26.2,22.1,2.3,2026-07-22T15:25:12.167439+00:00
2026-07-23,宮城県,霧雨(弱),32.2,23.4,0.2,2026-07-22T15:25:13.180422+00:00
2026-07-23,秋田県,雨(弱),26.6,23.4,2.9,2026-07-22T15:25:14.070200+00:00
2026-07-23,山形県,晴れ時々くもり,30.9,23.7,0.0,2026-07-22T15:25:15.133286+00:00
2026-07-23,福島県,晴れ,34.5,24.3,0.0,2026-07-22T15:25:16.014485+00:00
2026-07-23,茨城県,霧雨(強),31.6,24.0,3.2,2026-07-22T15:25:16.930251+00:00
2026-07-23,栃木県,霧雨(弱),33.5,24.1,0.7,2026-07-22T15:25:49.010554+00:00
2026-07-23,群馬県,霧雨,37.0,25.8,1.0,2026-07-22T15:25:49.905688+00:00
2026-07-23,埼玉県,霧雨,36.8,26.5,1.1,2026-07-22T15:25:50.778420+00:00
2026-07-23,千葉県,霧雨(弱),34.6,26.5,0.2,2026-07-22T15:25:51.653109+00:00
2026-07-23,東京都,霧雨(弱),35.5,26.3,0.4,2026-07-22T15:25:52.574227+00:00
2026-07-23,神奈川県,晴れ,35.5,26.8,0.0,2026-07-22T15:25:53.477831+00:00
2026-07-23,新潟県,霧雨(弱),28.5,25.8,0.2,2026-07-22T15:25:54.400407+00:00
2026-07-23,富山県,霧雨(弱),32.7,24.1,0.1,2026-07-22T15:26:26.453316+00:00
2026-07-23,石川県,晴れ,30.5,25.6,0.0,2026-07-22T15:26:27.338159+00:00
2026-07-23,福井県,晴れ,33.6,24.8,0.0,2026-07-22T15:26:28.221025+00:00
2026-07-23,山梨県,霧雨(弱),39.2,24.6,0.3,2026-07-22T15:26:29.129356+00:00
2026-07-23,長野県,晴れ時々くもり,31.7,22.4,0.0,2026-07-22T15:26:30.015533+00:00
2026-07-23,岐阜県,晴れ,38.5,25.5,0.0,2026-07-22T15:26:30.951648+00:00
2026-07-23,静岡県,晴れ,33.7,25.1,0.0,2026-07-22T15:26:31.841307+00:00
2026-07-23,愛知県,晴れ,37.8,25.7,0.0,2026-07-22T15:26:32.725962+00:00
2026-07-23,三重県,晴れ,37.1,27.6,0.0,2026-07-22T15:27:04.784029+00:00
2026-07-23,滋賀県,晴れ,36.9,26.0,0.0,2026-07-22T15:27:05.665112+00:00
2026-07-23,京都府,晴れ時々くもり,37.5,25.8,0.0,2026-07-22T15:27:06.570429+00:00
2026-07-23,大阪府,晴れ,35.3,26.0,0.0,2026-07-22T15:27:07.460454+00:00
2026-07-23,兵庫県,晴れ,34.8,26.9,0.0,2026-07-22T15:27:08.380855+00:00
2026-07-23,奈良県,晴れ時々くもり,37.0,25.4,0.0,2026-07-22T15:27:09.259957+00:00
2026-07-23,和歌山県,晴れ,35.2,26.2,0.0,2026-07-22T15:27:10.139127+00:00
2026-07-23,鳥取県,晴れ,32.9,24.7,0.0,2026-07-22T15:27:11.042790+00:00
2026-07-23,島根県,晴れ,35.7,25.8,0.0,2026-07-22T15:27:43.077531+00:00
2026-07-23,岡山県,晴れ,35.6,26.2,0.0,2026-07-22T15:27:43.995184+00:00
2026-07-23,広島県,晴れ,33.9,24.6,0.0,2026-07-22T15:27:44.888170+00:00
2026-07-23,山口県,晴れ,34.6,24.4,0.0,2026-07-22T15:27:45.814312+00:00
2026-07-23,徳島県,晴れ,33.5,27.0,0.0,2026-07-22T15:27:46.715421+00:00
2026-07-23,香川県,晴れ,33.5,27.0,0.0,2026-07-22T15:27:47.620591+00:00
2026-07-23,愛媛県,晴れ,32.8,25.6,0.0,2026-07-22T15:27:48.517207+00:00
2026-07-23,高知県,晴れ,33.9,26.2,0.0,2026-07-22T15:28:20.602403+00:00
2026-07-23,福岡県,晴れ,30.8,25.0,0.0,2026-07-22T15:28:21.498058+00:00
2026-07-23,佐賀県,晴れ,34.5,24.9,0.0,2026-07-22T15:28:22.419927+00:00
2026-07-23,長崎県,晴れ,31.2,25.5,0.0,2026-07-22T15:28:23.305484+00:00
2026-07-23,熊本県,晴れ時々くもり,32.7,25.6,0.0,2026-07-22T15:28:24.190968+00:00
2026-07-23,大分県,晴れ時々くもり,30.1,26.3,0.0,2026-07-22T15:28:25.095651+00:00
2026-07-23,宮崎県,霧雨(弱),31.7,26.8,0.1,2026-07-22T15:28:25.982374+00:00
2026-07-23,鹿児島県,晴れ,31.7,26.8,0.0,2026-07-22T15:28:26.913362+00:00
2026-07-23,沖縄県,雷雨,31.6,27.2,7.2,2026-07-22T15:28:58.982043+00:00
2026-07-24,北海道,霧雨(弱),27.3,18.7,0.3,2026-07-23T15:46:59.803799+00:00
2026-07-24,青森県,霧雨(弱),28.5,21.0,0.2,2026-07-23T15:47:00.682047+00:00
2026-07-24,岩手県,霧雨(弱),27.0,20.6,2.1,2026-07-23T15:47:01.550931+00:00
2026-07-24,宮城県,雨,23.6,21.4,37.4,2026-07-23T15:47:02.409796+00:00
2026-07-24,秋田県,霧雨(強),28.2,22.6,5.4,2026-07-23T15:47:03.309731+00:00
2026-07-24,山形県,雨,24.1,22.0,31.3,2026-07-23T15:47:04.164654+00:00
2026-07-24,福島県,雨,24.8,22.3,24.4,2026-07-23T15:47:05.027726+00:00
2026-07-24,茨城県,雨,27.9,23.4,12.2,2026-07-23T15:47:05.886201+00:00
2026-07-24,栃木県,霧雨,29.5,23.2,2.9,2026-07-23T15:47:37.934384+00:00
2026-07-24,群馬県,霧雨(弱),32.8,24.1,0.5,2026-07-23T15:47:38.830164+00:00
2026-07-24,埼玉県,雨,32.4,24.4,7.5,2026-07-23T15:47:39.684295+00:00
2026-07-24,千葉県,雨(弱),31.4,24.8,3.4,2026-07-23T15:47:40.502260+00:00
2026-07-24,東京都,霧雨,31.8,24.4,1.8,2026-07-23T15:47:41.321773+00:00
2026-07-24,神奈川県,霧雨(弱),32.0,25.3,0.4,2026-07-23T15:47:42.144002+00:00
2026-07-24,新潟県,雨,27.8,24.5,17.6,2026-07-23T15:47:42.959274+00:00
2026-07-24,富山県,晴れ,33.1,23.7,0.0,2026-07-23T15:47:43.775209+00:00
2026-07-24,石川県,霧雨(弱),30.2,24.6,0.2,2026-07-23T15:48:15.800447+00:00
2026-07-24,福井県,霧雨(弱),32.2,23.5,0.5,2026-07-23T15:48:16.621957+00:00
2026-07-24,山梨県,霧雨,35.6,24.9,2.1,2026-07-23T15:48:17.443112+00:00
2026-07-24,長野県,晴れ,32.3,23.4,0.0,2026-07-23T15:48:18.265688+00:00
2026-07-24,岐阜県,晴れ,37.4,24.5,0.0,2026-07-23T15:48:19.131205+00:00
2026-07-24,静岡県,晴れ時々くもり,30.9,25.9,0.0,2026-07-23T15:48:19.945798+00:00
2026-07-24,愛知県,晴れ,36.7,25.0,0.0,2026-07-23T15:48:20.763266+00:00
2026-07-24,三重県,晴れ,33.7,26.6,0.0,2026-07-23T15:48:21.589505+00:00
2026-07-24,滋賀県,晴れ,36.2,25.7,0.0,2026-07-23T15:48:53.615010+00:00
2026-07-24,京都府,霧雨(弱),36.7,25.0,0.2,2026-07-23T15:48:54.427394+00:00
2026-07-24,大阪府,晴れ,34.4,25.6,0.0,2026-07-23T15:48:55.246025+00:00
2026-07-24,兵庫県,晴れ,34.5,26.9,0.0,2026-07-23T15:48:56.069051+00:00
2026-07-24,奈良県,晴れ,36.2,24.8,0.0,2026-07-23T15:48:56.882694+00:00
2026-07-24,和歌山県,快晴,35.2,25.9,0.0,2026-07-23T15:48:57.702677+00:00
2026-07-24,鳥取県,霧雨(弱),31.2,24.5,0.7,2026-07-23T15:48:58.568416+00:00
2026-07-24,島根県,晴れ,34.9,25.6,0.0,2026-07-23T15:48:59.392665+00:00
2026-07-24,岡山県,霧雨(弱),35.6,26.0,0.1,2026-07-23T15:49:31.375575+00:00
2026-07-24,広島県,晴れ,33.7,24.6,0.0,2026-07-23T15:49:37.196586+00:00
2026-07-24,山口県,晴れ,34.1,23.9,0.0,2026-07-23T15:50:09.172008+00:00
2026-07-24,徳島県,晴れ,34.6,26.7,0.0,2026-07-23T15:50:10.029821+00:00
2026-07-24,香川県,晴れ,33.1,26.8,0.0,2026-07-23T15:50:10.844551+00:00
2026-07-24,愛媛県,晴れ,31.7,26.1,0.0,2026-07-23T15:50:11.666997+00:00
2026-07-24,高知県,晴れ時々くもり,33.6,26.4,0.0,2026-07-23T15:50:12.574054+00:00
2026-07-24,福岡県,晴れ,30.9,24.4,0.0,2026-07-23T15:50:13.435212+00:00
2026-07-24,佐賀県,晴れ,34.9,24.3,0.0,2026-07-23T15:50:14.254756+00:00
2026-07-24,長崎県,晴れ,31.7,25.3,0.0,2026-07-23T15:50:15.558978+00:00
2026-07-24,熊本県,晴れ,33.7,25.7,0.0,2026-07-23T15:50:47.541847+00:00
2026-07-24,大分県,晴れ,31.1,26.8,0.0,2026-07-23T15:50:48.361879+00:00
2026-07-24,宮崎県,晴れ,31.2,26.9,0.0,2026-07-23T15:50:49.183829+00:00
2026-07-24,鹿児島県,晴れ,32.3,26.9,0.0,2026-07-23T15:50:50.004637+00:00
2026-07-24,沖縄県,雷雨,32.6,26.9,0.9,2026-07-23T15:50:50.825360+00:00
2026-07-25,北海道,くもり,23.6,17.5,0.0,2026-07-24T15:19:49.389535+00:00
2026-07-25,青森県,くもり,25.7,21.1,0.0,2026-07-24T15:19:50.176525+00:00
2026-07-25,岩手県,雨,24.3,20.8,14.7,2026-07-24T15:19:50.951759+00:00
2026-07-25,宮城県,雨(強),23.8,22.0,87.7,2026-07-24T15:19:51.746977+00:00
2026-07-25,秋田県,雨(弱),26.2,21.7,6.6,2026-07-24T15:19:52.543544+00:00
2026-07-25,山形県,雨,26.5,21.9,35.1,2026-07-24T15:19:53.328957+00:00
2026-07-25,福島県,霧雨,27.7,22.0,4.4,2026-07-24T15:19:54.098964+00:00
2026-07-25,茨城県,霧雨(弱),30.2,23.4,0.3,2026-07-24T15:19:54.871231+00:00
2026-07-25,栃木県,霧雨,33.2,23.0,2.6,2026-07-24T15:19:55.666426+00:00
2026-07-25,群馬県,霧雨(弱),35.0,24.1,0.2,2026-07-24T15:19:56.438366+00:00
2026-07-25,埼玉県,霧雨(強),35.1,24.2,3.6,2026-07-24T15:20:28.342129+00:00
2026-07-25,千葉県,霧雨,34.6,24.8,1.7,2026-07-24T15:20:29.093685+00:00
2026-07-25,東京都,霧雨,34.2,24.4,3.0,2026-07-24T15:20:29.864405+00:00
2026-07-25,神奈川県,雨,33.3,25.1,6.2,2026-07-24T15:20:30.662739+00:00
2026-07-25,新潟県,霧雨(弱),27.2,25.4,0.6,2026-07-24T15:20:31.414446+00:00
2026-07-25,富山県,霧雨(弱),32.3,24.7,0.8,2026-07-24T15:20:32.175825+00:00
2026-07-25,石川県,霧雨(弱),29.6,25.1,0.9,2026-07-24T15:20:32.949288+00:00
2026-07-25,福井県,霧雨(弱),31.9,24.9,0.3,2026-07-24T15:20:33.722212+00:00
2026-07-25,山梨県,雨,37.3,23.7,5.5,2026-07-24T15:20:34.493678+00:00
2026-07-25,長野県,霧雨(弱),30.4,22.7,0.2,2026-07-24T15:21:06.385617+00:00
2026-07-25,岐阜県,快晴,36.6,25.4,0.0,2026-07-24T15:21:07.167041+00:00
2026-07-25,静岡県,晴れ時々くもり,33.0,25.4,0.0,2026-07-24T15:21:07.948456+00:00
2026-07-25,愛知県,快晴,36.9,25.6,0.0,2026-07-24T15:21:08.721296+00:00
2026-07-25,三重県,快晴,36.2,27.4,0.0,2026-07-24T15:21:09.493182+00:00
2026-07-25,滋賀県,晴れ,35.3,25.4,0.0,2026-07-24T15:21:10.281367+00:00
2026-07-25,京都府,晴れ,35.6,25.0,0.0,2026-07-24T15:21:11.070563+00:00
2026-07-25,大阪府,晴れ,33.3,26.0,0.0,2026-07-24T15:21:11.854215+00:00
2026-07-25,兵庫県,霧雨(弱),34.1,26.8,0.3,2026-07-24T15:21:12.631273+00:00
2026-07-25,奈良県,晴れ時々くもり,35.6,25.1,0.0,2026-07-24T15:21:44.539175+00:00
2026-07-25,和歌山県,晴れ,35.3,26.8,0.0,2026-07-24T15:21:45.326388+00:00
2026-07-25,鳥取県,晴れ,30.4,24.8,0.0,2026-07-24T15:21:46.093273+00:00
2026-07-25,島根県,晴れ,33.6,25.4,0.0,2026-07-24T15:21:46.872431+00:00
2026-07-25,岡山県,霧雨(弱),35.7,26.1,0.1,2026-07-24T15:21:47.660857+00:00
2026-07-25,広島県,くもり,33.9,24.4,0.0,2026-07-24T15:21:48.449058+00:00
2026-07-25,山口県,晴れ時々くもり,33.2,24.8,0.0,2026-07-24T15:21:49.234290+00:00
2026-07-25,徳島県,晴れ時々くもり,35.2,26.1,0.0,2026-07-24T15:21:50.012953+00:00
2026-07-25,香川県,晴れ,32.6,26.2,0.0,2026-07-24T15:21:50.788945+00:00
2026-07-25,愛媛県,晴れ,31.9,25.5,0.0,2026-07-24T15:22:22.726099+00:00
2026-07-25,高知県,晴れ時々くもり,33.8,26.6,0.0,2026-07-24T15:22:23.492314+00:00
2026-07-25,福岡県,晴れ,30.8,25.5,0.0,2026-07-24T15:22:24.260990+00:00
2026-07-25,佐賀県,霧雨(弱),34.5,25.2,0.4,2026-07-24T15:22:25.040171+00:00
2026-07-25,長崎県,晴れ,32.2,25.7,0.0,2026-07-24T15:22:25.827976+00:00
2026-07-25,熊本県,晴れ,34.8,25.7,0.0,2026-07-24T15:22:26.609482+00:00
2026-07-25,大分県,晴れ,31.5,26.6,0.0,2026-07-24T15:22:27.455415+00:00
2026-07-25,宮崎県,晴れ時々くもり,31.0,27.1,0.0,2026-07-24T15:22:28.238236+00:00
2026-07-25,鹿児島県,晴れ,32.4,27.1,0.0,2026-07-24T15:22:29.021238+00:00
2026-07-25,沖縄県,霧雨(弱),33.4,27.5,0.1,2026-07-24T15:23:00.946570+00:00
2026-07-25,北海道,くもり,23.5,17.5,0.0,2026-07-25T14:54:07.713352+00:00
2026-07-25,青森県,霧雨(弱),24.7,20.7,0.1,2026-07-25T14:54:08.482825+00:00
2026-07-25,岩手県,雨(強),23.7,20.6,45.4,2026-07-25T14:54:09.256873+00:00
2026-07-25,宮城県,雨(強),23.9,22.1,70.5,2026-07-25T14:54:09.962372+00:00
2026-07-25,秋田県,雨,25.1,21.8,27.6,2026-07-25T14:54:10.706803+00:00
2026-07-25,山形県,雨,25.0,21.9,36.5,2026-07-25T14:54:11.416226+00:00
2026-07-25,福島県,雨(弱),25.1,22.0,8.6,2026-07-25T14:54:12.200509+00:00
2026-07-25,茨城県,雨,30.4,23.2,5.9,2026-07-25T14:54:12.923918+00:00
2026-07-25,栃木県,霧雨,32.9,23.2,1.0,2026-07-25T14:54:13.618504+00:00
2026-07-25,群馬県,霧雨(弱),34.5,24.3,0.8,2026-07-25T14:54:14.328214+00:00
2026-07-25,埼玉県,霧雨(弱),36.8,24.2,0.9,2026-07-25T14:54:15.024749+00:00
2026-07-25,千葉県,霧雨(強),34.6,24.4,1.6,2026-07-25T14:54:15.843384+00:00
2026-07-25,東京都,雨(弱),36.0,24.6,2.2,2026-07-25T14:54:16.538219+00:00
2026-07-25,神奈川県,霧雨,33.6,24.8,1.7,2026-07-25T14:54:48.464159+00:00
2026-07-25,新潟県,霧雨(弱),27.6,26.0,0.8,2026-07-25T14:54:49.156627+00:00
2026-07-25,富山県,霧雨,31.7,24.5,1.0,2026-07-25T14:54:49.861791+00:00
2026-07-25,石川県,霧雨(弱),30.0,24.8,0.2,2026-07-25T14:54:50.556108+00:00
2026-07-25,福井県,霧雨(弱),32.4,24.5,0.3,2026-07-25T14:54:51.346706+00:00
2026-07-25,山梨県,雨(強),38.5,24.4,25.5,2026-07-25T14:54:52.050662+00:00
2026-07-25,長野県,霧雨,29.1,23.0,1.2,2026-07-25T14:54:52.744727+00:00
2026-07-25,岐阜県,晴れ,37.5,25.2,0.0,2026-07-25T14:54:53.444327+00:00
2026-07-25,静岡県,霧雨(弱),33.6,26.6,0.1,2026-07-25T14:54:54.153525+00:00
2026-07-25,愛知県,快晴,37.3,25.0,0.0,2026-07-25T14:54:54.963676+00:00
2026-07-25,三重県,快晴,36.6,27.3,0.0,2026-07-25T14:55:26.770518+00:00
2026-07-25,滋賀県,晴れ,35.3,25.1,0.0,2026-07-25T14:55:27.476073+00:00
2026-07-25,京都府,晴れ,35.5,24.9,0.0,2026-07-25T14:55:28.175864+00:00
2026-07-25,大阪府,晴れ,34.2,25.3,0.0,2026-07-25T14:55:28.885698+00:00
2026-07-25,兵庫県,晴れ,34.8,27.2,0.0,2026-07-25T14:55:29.591136+00:00
2026-07-25,奈良県,晴れ,35.8,24.5,0.0,2026-07-25T14:55:30.285360+00:00
2026-07-25,和歌山県,晴れ,35.2,26.1,0.0,2026-07-25T14:55:30.980437+00:00
2026-07-25,鳥取県,晴れ,31.0,24.4,0.0,2026-07-25T14:55:31.691973+00:00
2026-07-25,島根県,晴れ,35.7,24.6,0.0,2026-07-25T14:55:32.393038+00:00
2026-07-25,岡山県,晴れ時々くもり,36.4,25.3,0.0,2026-07-25T14:55:33.099285+00:00
2026-07-25,広島県,晴れ時々くもり,34.8,25.3,0.0,2026-07-25T14:56:04.938238+00:00
2026-07-25,山口県,晴れ時々くもり,33.5,24.4,0.0,2026-07-25T14:56:05.632752+00:00
2026-07-25,徳島県,晴れ,35.1,26.3,0.0,2026-07-25T14:56:06.343127+00:00
2026-07-25,香川県,晴れ,32.9,26.8,0.0,2026-07-25T14:56:07.048295+00:00
2026-07-25,愛媛県,晴れ時々くもり,32.9,25.4,0.0,2026-07-25T14:56:07.743127+00:00
2026-07-25,高知県,晴れ,35.1,26.8,0.0,2026-07-25T14:56:08.439544+00:00
2026-07-25,福岡県,晴れ,31.8,25.3,0.0,2026-07-25T14:56:09.150493+00:00
2026-07-25,佐賀県,晴れ,35.4,25.1,0.0,2026-07-25T14:56:09.847334+00:00
2026-07-25,長崎県,晴れ,32.5,26.0,0.0,2026-07-25T14:56:10.554179+00:00
2026-07-25,熊本県,晴れ時々くもり,35.1,25.7,0.0,2026-07-25T14:56:42.382326+00:00
2026-07-25,大分県,晴れ,31.6,26.7,0.0,2026-07-25T14:56:43.092029+00:00
2026-07-25,宮崎県,晴れ,32.2,27.0,0.0,2026-07-25T14:56:43.796805+00:00
2026-07-25,鹿児島県,晴れ,33.0,27.1,0.0,2026-07-25T14:56:44.492933+00:00
2026-07-25,沖縄県,雷雨,33.4,27.9,0.5,2026-07-25T14:56:45.189728+00:00
2026-07-26,北海道,霧雨(弱),22.9,16.8,0.2,2026-07-26T14:55:58.747998+00:00
2026-07-26,青森県,霧雨,25.1,19.7,1.2,2026-07-26T14:55:59.439167+00:00
2026-07-26,岩手県,雨(強),22.7,19.5,32.8,2026-07-26T14:56:00.130670+00:00
2026-07-26,宮城県,雨(強),22.7,19.7,88.2,2026-07-26T14:56:00.882199+00:00
2026-07-26,秋田県,霧雨(強),24.8,21.2,3.5,2026-07-26T14:56:01.576739+00:00
2026-07-26,山形県,雨(強),23.3,19.8,79.2,2026-07-26T14:56:02.261967+00:00
2026-07-26,福島県,雨,23.0,21.8,34.1,2026-07-26T14:56:02.993943+00:00
2026-07-26,茨城県,霧雨,29.8,22.0,1.1,2026-07-26T14:56:03.703235+00:00
2026-07-26,栃木県,霧雨(弱),27.6,22.6,0.6,2026-07-26T14:56:04.410864+00:00
2026-07-26,群馬県,霧雨(弱),30.4,23.0,0.9,2026-07-26T14:56:36.339244+00:00
2026-07-26,埼玉県,雨(弱),32.1,23.3,4.7,2026-07-26T14:56:37.038532+00:00
2026-07-26,千葉県,雨(弱),31.0,23.7,3.8,2026-07-26T14:56:37.740798+00:00
2026-07-26,東京都,雨,32.3,23.0,7.0,2026-07-26T14:56:38.482181+00:00
2026-07-26,神奈川県,霧雨(強),31.6,23.9,3.3,2026-07-26T14:56:39.166968+00:00
2026-07-26,新潟県,雨(強),25.9,25.3,66.8,2026-07-26T14:56:39.900130+00:00
2026-07-26,富山県,雨,28.7,24.1,15.5,2026-07-26T14:56:40.599248+00:00
2026-07-26,石川県,雨(強),27.9,24.4,26.0,2026-07-26T14:56:41.293744+00:00
2026-07-26,福井県,雨(弱),27.9,23.6,8.7,2026-07-26T14:56:41.985740+00:00
2026-07-26,山梨県,霧雨(強),33.0,24.2,2.0,2026-07-26T14:56:42.679205+00:00
2026-07-26,長野県,雨(弱),25.5,21.8,7.1,2026-07-26T14:56:43.396689+00:00
2026-07-26,岐阜県,晴れ時々くもり,34.8,24.3,0.0,2026-07-26T14:56:44.098462+00:00
2026-07-26,静岡県,霧雨(弱),31.0,25.4,0.2,2026-07-26T14:57:15.929605+00:00
2026-07-26,愛知県,くもり,35.1,24.3,0.0,2026-07-26T14:57:16.626400+00:00
2026-07-26,三重県,くもり,35.8,25.4,0.0,2026-07-26T14:57:17.405974+00:00
2026-07-26,滋賀県,晴れ,34.6,24.6,0.0,2026-07-26T14:57:18.111315+00:00
2026-07-26,京都府,霧雨(弱),34.8,24.2,0.4,2026-07-26T14:57:18.822380+00:00
2026-07-26,大阪府,晴れ時々くもり,33.1,24.6,0.0,2026-07-26T14:57:19.602556+00:00
2026-07-26,兵庫県,霧雨(弱),33.0,26.8,0.5,2026-07-26T14:57:20.303900+00:00
2026-07-26,奈良県,晴れ時々くもり,35.0,23.8,0.0,2026-07-26T14:57:21.036955+00:00
2026-07-26,和歌山県,晴れ時々くもり,34.5,25.9,0.0,2026-07-26T14:57:21.732249+00:00
2026-07-26,鳥取県,霧雨(弱),30.7,23.8,0.3,2026-07-26T14:57:22.425683+00:00
2026-07-26,島根県,晴れ時々くもり,34.5,24.9,0.0,2026-07-26T14:57:54.262224+00:00
2026-07-26,岡山県,晴れ時々くもり,35.3,25.6,0.0,2026-07-26T14:57:54.949874+00:00
2026-07-26,広島県,晴れ,33.4,25.3,0.0,2026-07-26T14:57:55.635504+00:00
2026-07-26,山口県,晴れ,34.6,23.9,0.0,2026-07-26T14:57:56.334973+00:00
2026-07-26,徳島県,晴れ時々くもり,36.0,26.5,0.0,2026-07-26T14:57:57.033349+00:00
2026-07-26,香川県,晴れ,33.9,26.5,0.0,2026-07-26T14:57:57.743205+00:00
2026-07-26,愛媛県,晴れ,32.3,25.9,0.0,2026-07-26T14:57:58.428096+00:00
2026-07-26,高知県,晴れ時々くもり,35.3,26.6,0.0,2026-07-26T14:57:59.125315+00:00
2026-07-26,福岡県,晴れ時々くもり,31.9,25.2,0.0,2026-07-26T14:57:59.813668+00:00
2026-07-26,佐賀県,晴れ時々くもり,35.0,24.1,0.0,2026-07-26T14:58:00.516111+00:00
2026-07-26,長崎県,晴れ,33.1,25.5,0.0,2026-07-26T14:58:01.212108+00:00
2026-07-26,熊本県,晴れ,34.6,25.0,0.0,2026-07-26T14:58:01.903957+00:00
2026-07-26,大分県,晴れ時々くもり,32.9,27.1,0.0,2026-07-26T14:58:33.720971+00:00
2026-07-26,宮崎県,晴れ,31.1,26.9,0.0,2026-07-26T14:58:34.405895+00:00
2026-07-26,鹿児島県,晴れ,32.9,27.1,0.0,2026-07-26T14:58:35.097222+00:00
2026-07-26,沖縄県,雷雨,31.8,27.5,1.8,2026-07-26T14:58:35.794480+00:00
2026-07-28,北海道,くもり,23.5,16.8,0.0,2026-07-27T16:06:49.855411+00:00
2026-07-28,青森県,霧雨(強),23.4,20.3,4.3,2026-07-27T16:06:50.559594+00:00
2026-07-28,岩手県,雨,26.3,19.7,10.5,2026-07-27T16:06:51.261255+00:00
2026-07-28,宮城県,雨,25.9,21.0,15.7,2026-07-27T16:06:51.958879+00:00
2026-07-28,秋田県,霧雨,27.2,21.8,2.8,2026-07-27T16:06:52.653187+00:00
2026-07-28,山形県,雨,27.2,20.3,16.4,2026-07-27T16:06:53.344497+00:00
2026-07-28,福島県,雨,28.9,21.1,25.2,2026-07-27T16:06:54.031141+00:00
2026-07-28,茨城県,雨(弱),27.3,21.0,6.9,2026-07-27T16:06:54.734131+00:00
2026-07-28,栃木県,雨(強),27.1,21.2,44.4,2026-07-27T16:06:55.428784+00:00
2026-07-28,群馬県,霧雨,26.9,21.7,2.3,2026-07-27T16:06:56.120661+00:00
2026-07-28,埼玉県,霧雨,29.2,22.3,2.8,2026-07-27T16:07:27.961303+00:00
2026-07-28,千葉県,霧雨,28.5,22.8,4.2,2026-07-27T16:07:28.656594+00:00
2026-07-28,東京都,霧雨,28.7,22.1,2.9,2026-07-27T16:07:29.359747+00:00
2026-07-28,神奈川県,霧雨(強),28.1,23.1,4.0,2026-07-27T16:07:30.060015+00:00
2026-07-28,新潟県,雨(強),28.7,23.8,68.7,2026-07-27T16:07:30.751501+00:00
2026-07-28,富山県,雨,26.7,23.0,14.9,2026-07-27T16:07:31.441068+00:00
2026-07-28,石川県,雨,28.6,24.0,31.9,2026-07-27T16:07:32.136840+00:00
2026-07-28,福井県,雨(強),30.5,23.6,29.8,2026-07-27T16:07:32.830104+00:00
2026-07-28,山梨県,雨,30.7,22.9,9.3,2026-07-27T16:07:33.562915+00:00
2026-07-28,長野県,霧雨,29.3,22.1,1.5,2026-07-27T16:07:34.341281+00:00
2026-07-28,岐阜県,雨(強),29.2,23.9,15.9,2026-07-27T16:07:35.035681+00:00
2026-07-28,静岡県,雨(弱),28.7,23.7,9.5,2026-07-27T16:08:06.843905+00:00
2026-07-28,愛知県,雨,31.8,24.6,4.3,2026-07-27T16:08:07.546245+00:00
2026-07-28,三重県,霧雨,34.3,25.3,1.6,2026-07-27T16:08:08.247374+00:00
2026-07-28,滋賀県,雨(弱),33.4,25.4,2.4,2026-07-27T16:08:08.938556+00:00
2026-07-28,京都府,霧雨,34.0,25.0,1.4,2026-07-27T16:08:09.625133+00:00
2026-07-28,大阪府,くもり,32.8,25.6,0.0,2026-07-27T16:08:10.321730+00:00
2026-07-28,兵庫県,霧雨(弱),33.8,27.1,0.1,2026-07-27T16:08:11.016356+00:00
2026-07-28,奈良県,くもり,33.8,24.8,0.0,2026-07-27T16:08:11.717116+00:00
2026-07-28,和歌山県,くもり,33.6,25.9,0.0,2026-07-27T16:08:12.567716+00:00
2026-07-28,鳥取県,霧雨(弱),32.1,25.6,0.6,2026-07-27T16:08:13.258216+00:00
2026-07-28,島根県,くもり,33.3,26.7,0.0,2026-07-27T16:08:13.952664+00:00
2026-07-28,岡山県,霧雨(弱),33.9,25.9,0.5,2026-07-27T16:08:46.030203+00:00
2026-07-28,広島県,晴れ時々くもり,36.4,25.0,0.0,2026-07-27T16:08:46.752197+00:00
2026-07-28,山口県,くもり,34.2,24.2,0.0,2026-07-27T16:08:47.478024+00:00
2026-07-28,徳島県,晴れ時々くもり,33.3,26.9,0.0,2026-07-27T16:08:48.180248+00:00
2026-07-28,香川県,晴れ時々くもり,33.4,27.8,0.0,2026-07-27T16:08:48.897505+00:00
2026-07-28,愛媛県,晴れ時々くもり,32.7,26.4,0.0,2026-07-27T16:08:49.621439+00:00
2026-07-28,高知県,晴れ,34.0,25.4,0.0,2026-07-27T16:08:50.346466+00:00
2026-07-28,福岡県,晴れ時々くもり,31.1,25.5,0.0,2026-07-27T16:08:51.061721+00:00
2026-07-28,佐賀県,晴れ時々くもり,34.6,25.3,0.0,2026-07-27T16:08:51.791944+00:00
2026-07-28,長崎県,晴れ時々くもり,31.9,26.1,0.0,2026-07-27T16:09:23.607674+00:00
2026-07-28,熊本県,晴れ時々くもり,34.5,26.1,0.0,2026-07-27T16:09:24.357864+00:00
2026-07-28,大分県,晴れ時々くもり,31.9,26.6,0.0,2026-07-27T16:09:25.068833+00:00
2026-07-28,宮崎県,晴れ時々くもり,33.0,27.6,0.0,2026-07-27T16:09:25.778762+00:00
2026-07-28,鹿児島県,晴れ時々くもり,33.1,27.5,0.0,2026-07-27T16:09:26.552179+00:00
2026-07-28,沖縄県,雷雨(ひょう弱),31.2,25.7,4.5,2026-07-27T16:09:27.355287+00:00
2026-07-29,北海道,霧雨(弱),22.3,18.9,1.2,2026-07-28T15:57:51.901075+00:00
2026-07-29,青森県,霧雨(弱),26.1,21.3,0.4,2026-07-28T15:57:52.846035+00:00
2026-07-29,岩手県,雨,28.4,21.2,9.4,2026-07-28T15:57:53.807501+00:00
2026-07-29,宮城県,霧雨(弱),30.4,21.9,0.6,2026-07-28T15:57:54.754297+00:00
2026-07-29,秋田県,雨,26.8,21.4,9.1,2026-07-28T15:57:55.741610+00:00
2026-07-29,山形県,雨(弱),27.4,22.7,3.6,2026-07-28T15:57:56.685350+00:00
2026-07-29,福島県,霧雨(弱),28.7,22.6,0.3,2026-07-28T15:57:57.599997+00:00
2026-07-29,茨城県,くもり,33.3,22.5,0.0,2026-07-28T15:57:58.562011+00:00
2026-07-29,栃木県,霧雨(弱),33.1,20.3,0.1,2026-07-28T15:57:59.498102+00:00
2026-07-29,群馬県,くもり,31.8,21.5,0.0,2026-07-28T15:58:31.645905+00:00
2026-07-29,埼玉県,くもり,34.3,21.5,0.0,2026-07-28T15:58:32.602324+00:00
2026-07-29,千葉県,晴れ,32.6,24.3,0.0,2026-07-28T15:58:33.556945+00:00
2026-07-29,東京都,晴れ時々くもり,34.0,21.7,0.0,2026-07-28T15:58:34.535464+00:00
2026-07-29,神奈川県,晴れ,33.5,22.8,0.0,2026-07-28T15:58:35.480174+00:00
2026-07-29,新潟県,霧雨(弱),27.2,25.7,0.6,2026-07-28T15:58:36.410042+00:00
2026-07-29,富山県,霧雨(強),29.6,22.9,3.4,2026-07-28T15:58:37.378983+00:00
2026-07-29,石川県,霧雨,28.1,25.8,2.2,2026-07-28T15:58:38.318856+00:00
2026-07-29,福井県,雨(弱),29.3,23.4,4.4,2026-07-28T15:59:10.447128+00:00
2026-07-29,山梨県,晴れ時々くもり,35.8,22.2,0.0,2026-07-28T15:59:11.392807+00:00
2026-07-29,長野県,くもり,29.3,21.1,0.0,2026-07-28T15:59:12.379674+00:00
2026-07-29,岐阜県,霧雨(弱),32.8,22.4,0.1,2026-07-28T15:59:13.314144+00:00
2026-07-29,静岡県,晴れ,35.8,25.8,0.0,2026-07-28T15:59:14.221912+00:00
2026-07-29,愛知県,晴れ時々くもり,33.1,23.9,0.0,2026-07-28T15:59:15.181109+00:00
2026-07-29,三重県,晴れ時々くもり,33.5,25.5,0.0,2026-07-28T15:59:16.110275+00:00
2026-07-29,滋賀県,晴れ時々くもり,33.6,25.3,0.0,2026-07-28T15:59:17.045048+00:00
2026-07-29,京都府,晴れ時々くもり,32.4,24.0,0.0,2026-07-28T15:59:17.963167+00:00
2026-07-29,大阪府,霧雨(弱),31.3,24.7,0.7,2026-07-28T15:59:18.900410+00:00
2026-07-29,兵庫県,霧雨,30.7,25.8,1.1,2026-07-28T15:59:51.038576+00:00
2026-07-29,奈良県,霧雨(弱),31.2,24.3,0.4,2026-07-28T15:59:51.997835+00:00
2026-07-29,和歌山県,霧雨(弱),32.0,26.2,0.9,2026-07-28T15:59:52.932490+00:00
2026-07-29,鳥取県,雨,29.4,24.8,38.2,2026-07-28T15:59:53.838503+00:00
2026-07-29,島根県,霧雨(強),30.6,26.1,5.1,2026-07-28T15:59:54.796072+00:00
2026-07-29,岡山県,霧雨(弱),31.5,25.6,0.6,2026-07-28T15:59:55.725467+00:00
2026-07-29,広島県,霧雨(弱),31.7,25.9,0.7,2026-07-28T15:59:56.660833+00:00
2026-07-29,山口県,雨(弱),29.7,25.6,5.1,2026-07-28T15:59:57.579636+00:00
2026-07-29,徳島県,霧雨(弱),32.7,27.1,0.8,2026-07-28T15:59:58.519632+00:00
2026-07-29,香川県,晴れ時々くもり,31.2,27.3,0.0,2026-07-28T16:00:31.307957+00:00
2026-07-29,愛媛県,雨,28.2,26.3,14.3,2026-07-28T16:00:32.707309+00:00
2026-07-29,高知県,霧雨(弱),34.3,25.0,0.2,2026-07-28T16:00:34.495928+00:00
2026-07-29,福岡県,雨(弱),30.2,26.5,3.6,2026-07-28T16:00:36.250366+00:00
2026-07-29,佐賀県,霧雨(弱),31.8,26.1,0.1,2026-07-28T16:00:37.576717+00:00
2026-07-29,長崎県,くもり,29.9,26.9,0.0,2026-07-28T16:00:39.251240+00:00
2026-07-29,熊本県,霧雨,30.2,25.8,1.7,2026-07-28T16:01:11.902953+00:00
2026-07-29,大分県,霧雨,30.3,25.7,1.6,2026-07-28T16:01:13.308145+00:00
2026-07-29,宮崎県,くもり,33.7,27.2,0.0,2026-07-28T16:01:14.532866+00:00
2026-07-29,鹿児島県,くもり,32.6,27.2,0.0,2026-07-28T16:01:15.647624+00:00
2026-07-29,沖縄県,雷雨(ひょう弱),31.2,26.7,21.4,2026-07-28T16:01:16.687314+00:00
2026-07-30,北海道,霧雨(弱),22.5,19.2,0.3,2026-07-29T15:43:52.278976+00:00
2026-07-30,青森県,霧雨(強),27.4,20.6,3.2,2026-07-29T15:43:53.005086+00:00
2026-07-30,岩手県,霧雨(弱),29.9,20.0,0.4,2026-07-29T15:43:53.751736+00:00
2026-07-30,宮城県,霧雨(弱),32.4,21.4,0.2,2026-07-29T15:43:54.450086+00:00
2026-07-30,秋田県,雨,26.7,21.0,8.7,2026-07-29T15:43:55.159919+00:00
2026-07-30,山形県,霧雨,30.4,23.6,1.4,2026-07-29T15:43:55.902482+00:00
2026-07-30,福島県,霧雨(弱),32.4,22.0,0.3,2026-07-29T15:43:56.595045+00:00
2026-07-30,茨城県,霧雨,35.4,23.5,1.4,2026-07-29T15:43:57.291244+00:00
2026-07-30,栃木県,霧雨,34.4,22.3,2.6,2026-07-29T15:44:29.140509+00:00
2026-07-30,群馬県,晴れ時々くもり,34.7,23.2,0.0,2026-07-29T15:44:29.854178+00:00
2026-07-30,埼玉県,くもり,35.8,24.4,0.0,2026-07-29T15:44:30.569394+00:00
2026-07-30,千葉県,晴れ時々くもり,32.7,25.7,0.0,2026-07-29T15:44:31.301839+00:00
2026-07-30,東京都,くもり,34.6,24.1,0.0,2026-07-29T15:44:32.293084+00:00
2026-07-30,神奈川県,くもり,33.5,25.6,0.0,2026-07-29T15:44:32.978191+00:00
2026-07-30,新潟県,霧雨(弱),29.1,26.7,1.4,2026-07-29T15:44:33.694789+00:00
2026-07-30,富山県,霧雨(弱),32.7,25.1,0.2,2026-07-29T15:44:34.415595+00:00
2026-07-30,石川県,くもり,30.6,26.1,0.0,2026-07-29T15:45:06.420115+00:00
2026-07-30,福井県,霧雨,32.7,25.0,1.4,2026-07-29T15:45:07.111415+00:00
2026-07-30,山梨県,くもり,36.5,24.2,0.0,2026-07-29T15:45:07.833267+00:00
2026-07-30,長野県,くもり,31.4,21.9,0.0,2026-07-29T15:45:08.526757+00:00
2026-07-30,岐阜県,くもり,36.3,25.0,0.0,2026-07-29T15:45:09.217498+00:00
2026-07-30,静岡県,霧雨(弱),33.7,24.0,0.5,2026-07-29T15:45:09.917165+00:00
2026-07-30,愛知県,くもり,36.1,25.2,0.0,2026-07-29T15:45:10.611250+00:00
2026-07-30,三重県,晴れ時々くもり,36.3,26.3,0.0,2026-07-29T15:45:11.300114+00:00
2026-07-30,滋賀県,晴れ時々くもり,35.8,25.8,0.0,2026-07-29T15:45:12.007934+00:00
2026-07-30,京都府,晴れ時々くもり,35.2,25.0,0.0,2026-07-29T15:45:43.869585+00:00
2026-07-30,大阪府,晴れ時々くもり,32.7,25.6,0.0,2026-07-29T15:45:44.592202+00:00
2026-07-30,兵庫県,晴れ時々くもり,34.1,26.8,0.0,2026-07-29T15:45:45.280375+00:00
2026-07-30,奈良県,くもり,34.9,25.5,0.0,2026-07-29T15:45:45.970267+00:00
2026-07-30,和歌山県,晴れ時々くもり,34.1,26.4,0.0,2026-07-29T15:45:46.660354+00:00
2026-07-30,鳥取県,くもり,32.3,24.7,0.0,2026-07-29T15:45:47.383435+00:00
2026-07-30,島根県,晴れ,35.2,26.6,0.0,2026-07-29T15:45:48.075938+00:00
2026-07-30,岡山県,くもり,34.6,25.3,0.0,2026-07-29T15:45:48.892581+00:00
2026-07-30,広島県,晴れ,35.4,24.9,0.0,2026-07-29T15:45:49.583289+00:00
2026-07-30,山口県,晴れ,33.6,24.9,0.0,2026-07-29T15:46:21.420522+00:00
2026-07-30,徳島県,くもり,33.5,26.2,0.0,2026-07-29T15:46:22.112447+00:00
2026-07-30,香川県,くもり,33.6,27.2,0.0,2026-07-29T15:46:22.846505+00:00
2026-07-30,愛媛県,晴れ,32.6,26.0,0.0,2026-07-29T15:46:23.537796+00:00
2026-07-30,高知県,晴れ,35.3,25.2,0.0,2026-07-29T15:46:24.251251+00:00
2026-07-30,福岡県,晴れ,31.1,26.0,0.0,2026-07-29T15:46:24.955292+00:00
2026-07-30,佐賀県,晴れ,33.8,25.5,0.0,2026-07-29T15:46:25.643933+00:00
2026-07-30,長崎県,晴れ,31.4,26.6,0.0,2026-07-29T15:46:26.333382+00:00
2026-07-30,熊本県,霧雨(弱),33.3,25.5,0.1,2026-07-29T15:46:27.099784+00:00
2026-07-30,大分県,快晴,32.5,25.0,0.0,2026-07-29T15:46:58.924854+00:00
2026-07-30,宮崎県,くもり,34.1,27.7,0.0,2026-07-29T15:46:59.615553+00:00
2026-07-30,鹿児島県,くもり,32.4,27.6,0.0,2026-07-29T15:47:00.307439+00:00
2026-07-30,沖縄県,雷雨,31.9,27.1,1.0,2026-07-29T15:47:01.027527+00:00
2026-07-31,北海道,霧雨,24.6,18.7,3.7,2026-07-30T15:45:06.553997+00:00
2026-07-31,青森県,霧雨,26.0,20.9,0.7,2026-07-30T15:45:07.263310+00:00
2026-07-31,岩手県,霧雨,29.6,20.9,2.5,2026-07-30T15:45:08.002083+00:00
2026-07-31,宮城県,雨,28.7,22.4,6.3,2026-07-30T15:45:08.754844+00:00
2026-07-31,秋田県,雨(弱),25.5,21.5,5.1,2026-07-30T15:45:09.533777+00:00
2026-07-31,山形県,霧雨,25.9,22.5,3.2,2026-07-30T15:45:10.251602+00:00
2026-07-31,福島県,くもり,28.3,22.3,0.0,2026-07-30T15:45:10.987301+00:00
2026-07-31,茨城県,霧雨(弱),30.5,23.6,0.2,2026-07-30T15:45:11.684312+00:00
2026-07-31,栃木県,霧雨(弱),31.4,22.7,0.3,2026-07-30T15:45:12.380580+00:00
2026-07-31,群馬県,霧雨(弱),34.3,25.8,1.0,2026-07-30T15:45:44.190923+00:00
2026-07-31,埼玉県,くもり,34.5,25.5,0.0,2026-07-30T15:45:44.882013+00:00
2026-07-31,千葉県,くもり,34.1,25.0,0.0,2026-07-30T15:45:45.593924+00:00
2026-07-31,東京都,くもり,34.2,25.5,0.0,2026-07-30T15:45:46.288965+00:00
2026-07-31,神奈川県,くもり,32.9,25.7,0.0,2026-07-30T15:45:46.983314+00:00
2026-07-31,新潟県,霧雨(弱),26.8,25.6,0.3,2026-07-30T15:45:47.773522+00:00
2026-07-31,富山県,霧雨(弱),32.0,24.7,0.2,2026-07-30T15:45:48.465980+00:00
2026-07-31,石川県,くもり,29.9,26.5,0.0,2026-07-30T15:45:49.153073+00:00
2026-07-31,福井県,くもり,30.9,24.9,0.0,2026-07-30T15:45:49.855517+00:00
2026-07-31,山梨県,霧雨,36.9,23.9,1.9,2026-07-30T15:45:50.642089+00:00
2026-07-31,長野県,くもり,30.2,22.9,0.0,2026-07-30T15:46:22.474143+00:00
2026-07-31,岐阜県,くもり,36.7,24.9,0.0,2026-07-30T15:46:23.180002+00:00
2026-07-31,静岡県,くもり,32.9,25.6,0.0,2026-07-30T15:46:24.012008+00:00
2026-07-31,愛知県,くもり,36.1,24.8,0.0,2026-07-30T15:46:24.705185+00:00
2026-07-31,三重県,くもり,36.1,26.3,0.0,2026-07-30T15:46:25.397641+00:00
2026-07-31,滋賀県,くもり,34.5,25.8,0.0,2026-07-30T15:46:26.091180+00:00
2026-07-31,京都府,くもり,34.5,25.4,0.0,2026-07-30T15:46:26.804467+00:00
2026-07-31,大阪府,くもり,31.7,25.8,0.0,2026-07-30T15:46:27.496961+00:00
2026-07-31,兵庫県,くもり,32.1,26.3,0.0,2026-07-30T15:46:28.187647+00:00
2026-07-31,奈良県,くもり,34.0,25.2,0.0,2026-07-30T15:47:00.062604+00:00
2026-07-31,和歌山県,くもり,32.9,25.8,0.0,2026-07-30T15:47:00.751366+00:00
2026-07-31,鳥取県,くもり,31.5,23.9,0.0,2026-07-30T15:47:01.537904+00:00
2026-07-31,島根県,くもり,36.2,25.8,0.0,2026-07-30T15:47:02.219941+00:00
2026-07-31,岡山県,くもり,33.9,24.3,0.0,2026-07-30T15:47:03.036206+00:00
2026-07-31,広島県,くもり,33.5,23.6,0.0,2026-07-30T15:47:03.745277+00:00
2026-07-31,山口県,くもり,34.2,23.7,0.0,2026-07-30T15:47:04.427396+00:00
2026-07-31,徳島県,くもり,34.7,26.5,0.0,2026-07-30T15:47:05.118031+00:00
2026-07-31,香川県,くもり,32.6,26.2,0.0,2026-07-30T15:47:05.804592+00:00
2026-07-31,愛媛県,くもり,32.2,24.8,0.0,2026-07-30T15:47:06.613982+00:00
2026-07-31,高知県,くもり,34.6,25.3,0.0,2026-07-30T15:47:38.449975+00:00
2026-07-31,福岡県,晴れ時々くもり,31.1,25.2,0.0,2026-07-30T15:47:39.137222+00:00
2026-07-31,佐賀県,くもり,34.0,24.5,0.0,2026-07-30T15:47:39.838477+00:00
2026-07-31,長崎県,晴れ,31.6,26.7,0.0,2026-07-30T15:47:40.631346+00:00
2026-07-31,熊本県,晴れ,33.7,24.4,0.0,2026-07-30T15:47:41.320171+00:00
2026-07-31,大分県,くもり,32.3,24.6,0.0,2026-07-30T15:47:42.015089+00:00
2026-07-31,宮崎県,快晴,33.0,26.4,0.0,2026-07-30T15:47:42.709362+00:00
2026-07-31,鹿児島県,晴れ,32.2,26.9,0.0,2026-07-30T15:47:43.406213+00:00
2026-07-31,沖縄県,霧雨,31.8,27.7,3.1,2026-07-30T15:47:44.100352+00:00
2026-08-01,北海道,霧雨(弱),23.7,17.7,0.1,2026-07-31T15:53:14.043284+00:00
2026-08-01,青森県,雨,21.7,19.8,22.2,2026-07-31T15:53:14.868692+00:00
2026-08-01,岩手県,雨,21.9,20.5,36.2,2026-07-31T15:53:15.727301+00:00
2026-08-01,宮城県,霧雨(強),26.9,21.8,1.9,2026-07-31T15:53:16.586765+00:00
2026-08-01,秋田県,雨,25.8,21.3,31.9,2026-07-31T15:53:17.451398+00:00
2026-08-01,山形県,霧雨(弱),28.9,23.6,0.2,2026-07-31T15:53:18.377101+00:00
2026-08-01,福島県,霧雨(弱),31.0,22.9,0.4,2026-07-31T15:53:19.247231+00:00
2026-08-01,茨城県,くもり,32.4,22.9,0.0,2026-07-31T15:53:51.220409+00:00
2026-08-01,栃木県,くもり,32.6,22.5,0.0,2026-07-31T15:53:52.128366+00:00
2026-08-01,群馬県,晴れ時々くもり,34.3,23.9,0.0,2026-07-31T15:53:52.934765+00:00
2026-08-01,埼玉県,くもり,34.7,24.8,0.0,2026-07-31T15:53:53.907873+00:00
2026-08-01,千葉県,くもり,32.5,24.8,0.0,2026-07-31T15:53:54.713208+00:00
2026-08-01,東京都,くもり,33.9,24.7,0.0,2026-07-31T15:53:55.525729+00:00
2026-08-01,神奈川県,くもり,32.4,25.3,0.0,2026-07-31T15:53:56.424513+00:00
2026-08-01,新潟県,霧雨,29.0,26.1,1.4,2026-07-31T15:53:57.328164+00:00
2026-08-01,富山県,晴れ時々くもり,32.5,24.2,0.0,2026-07-31T15:54:29.345067+00:00
2026-08-01,石川県,くもり,29.6,26.2,0.0,2026-07-31T15:54:30.152736+00:00
2026-08-01,福井県,くもり,32.0,24.5,0.0,2026-07-31T15:54:30.968671+00:00
2026-08-01,山梨県,くもり,35.3,23.9,0.0,2026-07-31T15:54:31.800582+00:00
2026-08-01,長野県,くもり,30.5,23.0,0.0,2026-07-31T15:54:32.612974+00:00
2026-08-01,岐阜県,くもり,35.3,24.8,0.0,2026-07-31T15:54:33.517784+00:00
2026-08-01,静岡県,くもり,32.3,25.2,0.0,2026-07-31T15:54:34.349188+00:00
2026-08-01,愛知県,くもり,35.1,25.0,0.0,2026-07-31T15:54:35.133644+00:00
2026-08-01,三重県,くもり,35.5,26.2,0.0,2026-07-31T15:55:07.102253+00:00
2026-08-01,滋賀県,くもり,34.4,25.5,0.0,2026-07-31T15:55:07.925304+00:00
2026-08-01,京都府,くもり,35.6,24.7,0.0,2026-07-31T15:55:08.729984+00:00
2026-08-01,大阪府,くもり,32.0,25.5,0.0,2026-07-31T15:55:09.543069+00:00
2026-08-01,兵庫県,くもり,33.4,26.5,0.0,2026-07-31T15:55:10.357564+00:00
2026-08-01,奈良県,くもり,34.3,25.0,0.0,2026-07-31T15:55:11.163990+00:00
2026-08-01,和歌山県,晴れ時々くもり,34.5,25.2,0.0,2026-07-31T15:55:11.948991+00:00
2026-08-01,鳥取県,くもり,32.1,24.2,0.0,2026-07-31T15:55:12.735205+00:00
2026-08-01,島根県,晴れ時々くもり,35.6,26.2,0.0,2026-07-31T15:55:44.716900+00:00
2026-08-01,岡山県,晴れ時々くもり,34.6,24.7,0.0,2026-07-31T15:55:45.524012+00:00
2026-08-01,広島県,くもり,35.0,24.4,0.0,2026-07-31T15:55:46.336628+00:00
2026-08-01,山口県,くもり,35.1,24.8,0.0,2026-07-31T15:55:47.194030+00:00
2026-08-01,徳島県,くもり,35.9,26.6,0.0,2026-07-31T15:55:48.000352+00:00
2026-08-01,香川県,くもり,33.4,26.8,0.0,2026-07-31T15:55:48.786418+00:00
2026-08-01,愛媛県,くもり,32.8,25.1,0.0,2026-07-31T15:55:49.573347+00:00
2026-08-01,高知県,くもり,34.8,26.0,0.0,2026-07-31T15:55:50.378978+00:00
2026-08-01,福岡県,晴れ時々くもり,32.7,25.7,0.0,2026-07-31T15:56:22.430557+00:00
2026-08-01,佐賀県,晴れ時々くもり,36.0,25.1,0.0,2026-07-31T15:56:23.286198+00:00
2026-08-01,長崎県,晴れ時々くもり,33.0,26.4,0.0,2026-07-31T15:56:24.279529+00:00
2026-08-01,熊本県,晴れ時々くもり,34.6,24.8,0.0,2026-07-31T15:56:25.190872+00:00
2026-08-01,大分県,晴れ時々くもり,33.4,25.4,0.0,2026-07-31T15:56:26.036630+00:00
2026-08-01,宮崎県,晴れ時々くもり,34.0,25.9,0.0,2026-07-31T15:56:26.884360+00:00
2026-08-01,鹿児島県,晴れ時々くもり,32.3,26.5,0.0,2026-07-31T15:56:27.706696+00:00
2026-08-01,沖縄県,霧雨,31.8,27.6,4.3,2026-07-31T15:56:59.675234+00:00
2026-08-01,北海道,霧雨(弱),23.7,16.7,0.7,2026-08-01T14:51:29.080333+00:00
2026-08-01,青森県,雨(弱),22.2,19.6,14.9,2026-08-01T14:51:29.776109+00:00
2026-08-01,岩手県,雨(強),22.9,20.8,76.9,2026-08-01T14:51:30.534233+00:00
2026-08-01,宮城県,雨(弱),25.1,21.6,3.9,2026-08-01T14:51:31.227475+00:00
2026-08-01,秋田県,雨(強),25.8,21.6,72.6,2026-08-01T14:51:31.927888+00:00
2026-08-01,山形県,霧雨(弱),27.5,23.7,1.0,2026-08-01T14:51:32.721915+00:00
2026-08-01,福島県,霧雨,26.7,23.7,1.8,2026-08-01T14:51:33.413783+00:00
2026-08-01,茨城県,くもり,33.6,23.1,0.0,2026-08-01T14:51:34.131904+00:00
2026-08-01,栃木県,くもり,32.2,22.9,0.0,2026-08-01T14:51:34.888789+00:00
2026-08-01,群馬県,くもり,34.5,23.8,0.0,2026-08-01T14:52:06.699933+00:00
2026-08-01,埼玉県,霧雨(弱),35.6,24.3,0.2,2026-08-01T14:52:07.393190+00:00
2026-08-01,千葉県,くもり,35.1,25.0,0.0,2026-08-01T14:52:08.072697+00:00
2026-08-01,東京都,霧雨(弱),35.2,24.3,0.1,2026-08-01T14:52:08.746481+00:00
2026-08-01,神奈川県,くもり,33.3,25.1,0.0,2026-08-01T14:52:09.438716+00:00
2026-08-01,新潟県,霧雨,28.8,26.3,1.8,2026-08-01T14:52:10.133480+00:00
2026-08-01,富山県,くもり,33.5,24.3,0.0,2026-08-01T14:52:10.823817+00:00
2026-08-01,石川県,霧雨(弱),30.4,26.3,0.2,2026-08-01T14:52:11.522246+00:00
2026-08-01,福井県,霧雨(弱),32.4,23.8,0.1,2026-08-01T14:52:12.276881+00:00
2026-08-01,山梨県,霧雨(強),37.0,24.9,3.7,2026-08-01T14:52:12.973041+00:00
2026-08-01,長野県,くもり,30.2,23.2,0.0,2026-08-01T14:52:44.785275+00:00
2026-08-01,岐阜県,くもり,35.9,24.1,0.0,2026-08-01T14:52:45.460828+00:00
2026-08-01,静岡県,霧雨(弱),32.6,25.5,0.3,2026-08-01T14:52:46.136505+00:00
2026-08-01,愛知県,くもり,35.5,24.3,0.0,2026-08-01T14:52:46.836241+00:00
2026-08-01,三重県,くもり,35.5,25.8,0.0,2026-08-01T14:52:47.536553+00:00
2026-08-01,滋賀県,くもり,34.4,25.2,0.0,2026-08-01T14:52:48.228500+00:00
2026-08-01,京都府,くもり,35.3,24.2,0.0,2026-08-01T14:52:49.035426+00:00
2026-08-01,大阪府,くもり,32.4,25.2,0.0,2026-08-01T14:52:49.740267+00:00
2026-08-01,兵庫県,くもり,33.3,26.7,0.0,2026-08-01T14:52:50.430265+00:00
2026-08-01,奈良県,くもり,34.7,25.1,0.0,2026-08-01T14:53:22.370840+00:00
2026-08-01,和歌山県,くもり,34.4,25.8,0.0,2026-08-01T14:53:23.052170+00:00
2026-08-01,鳥取県,くもり,33.0,24.7,0.0,2026-08-01T14:53:23.725915+00:00
2026-08-01,島根県,くもり,35.4,26.0,0.0,2026-08-01T14:53:24.399520+00:00
2026-08-01,岡山県,くもり,34.7,24.4,0.0,2026-08-01T14:53:25.094204+00:00
2026-08-01,広島県,くもり,33.8,24.2,0.0,2026-08-01T14:53:25.784387+00:00
2026-08-01,山口県,晴れ時々くもり,35.2,24.1,0.0,2026-08-01T14:53:26.477037+00:00
2026-08-01,徳島県,くもり,36.2,26.5,0.0,2026-08-01T14:53:27.179011+00:00
2026-08-01,香川県,くもり,33.0,26.7,0.0,2026-08-01T14:53:27.852902+00:00
2026-08-01,愛媛県,くもり,32.4,24.9,0.0,2026-08-01T14:53:28.542434+00:00
2026-08-01,高知県,くもり,35.6,25.6,0.0,2026-08-01T14:54:00.338266+00:00
2026-08-01,福岡県,晴れ時々くもり,33.2,25.2,0.0,2026-08-01T14:54:01.014942+00:00
2026-08-01,佐賀県,くもり,34.5,23.9,0.0,2026-08-01T14:54:01.690457+00:00
2026-08-01,長崎県,くもり,31.9,25.8,0.0,2026-08-01T14:54:02.380217+00:00
2026-08-01,熊本県,くもり,34.3,24.6,0.0,2026-08-01T14:54:03.072021+00:00
2026-08-01,大分県,くもり,32.1,25.2,0.0,2026-08-01T14:54:03.805518+00:00
2026-08-01,宮崎県,くもり,33.6,25.8,0.0,2026-08-01T14:54:04.495787+00:00
2026-08-01,鹿児島県,くもり,32.5,26.5,0.0,2026-08-01T14:54:05.170057+00:00
2026-08-01,沖縄県,霧雨,32.5,27.8,3.8,2026-08-01T14:54:05.870481+00:00
2026-08-02,北海道,快晴,26.3,16.0,0.0,2026-08-02T14:53:06.735360+00:00
2026-08-02,青森県,晴れ時々くもり,23.9,19.8,0.0,2026-08-02T14:53:07.432326+00:00
2026-08-02,岩手県,霧雨(強),23.0,19.4,3.1,2026-08-02T14:53:08.127961+00:00
2026-08-02,宮城県,霧雨,22.0,20.2,3.9,2026-08-02T14:53:08.831672+00:00
2026-08-02,秋田県,霧雨(弱),25.9,22.0,0.9,2026-08-02T14:53:09.607490+00:00
2026-08-02,山形県,霧雨(強),25.8,21.0,5.4,2026-08-02T14:53:10.307534+00:00
2026-08-02,福島県,霧雨(弱),24.0,21.0,2.8,2026-08-02T14:53:11.009553+00:00
2026-08-02,茨城県,霧雨(弱),27.3,23.3,0.1,2026-08-02T14:53:11.698951+00:00
2026-08-02,栃木県,霧雨(強),31.1,23.2,1.8,2026-08-02T14:53:12.412017+00:00
2026-08-02,群馬県,霧雨,34.8,23.4,2.5,2026-08-02T14:53:13.105661+00:00
2026-08-02,埼玉県,霧雨(弱),32.8,23.4,0.9,2026-08-02T14:53:44.950328+00:00
2026-08-02,千葉県,霧雨(弱),32.9,23.6,0.2,2026-08-02T14:53:45.639551+00:00
2026-08-02,東京都,霧雨(弱),32.8,23.3,0.3,2026-08-02T14:53:46.333559+00:00
2026-08-02,神奈川県,霧雨(弱),33.2,24.5,0.1,2026-08-02T14:53:47.021398+00:00
2026-08-02,新潟県,霧雨,28.2,25.1,1.7,2026-08-02T14:53:47.713616+00:00
2026-08-02,富山県,霧雨(弱),32.1,25.1,1.3,2026-08-02T14:53:48.407266+00:00
2026-08-02,石川県,霧雨(強),29.9,25.9,1.3,2026-08-02T14:53:49.117270+00:00
2026-08-02,福井県,霧雨,31.9,25.3,0.9,2026-08-02T14:53:49.811337+00:00
2026-08-02,山梨県,雨,36.7,25.0,9.7,2026-08-02T14:53:50.595846+00:00
2026-08-02,長野県,霧雨(弱),30.9,23.8,0.5,2026-08-02T14:53:51.289416+00:00
2026-08-02,岐阜県,霧雨(強),37.0,26.5,1.6,2026-08-02T14:54:23.111004+00:00
2026-08-02,静岡県,雨(弱),35.1,25.8,5.9,2026-08-02T14:54:23.804836+00:00
2026-08-02,愛知県,雨,37.3,26.4,5.0,2026-08-02T14:54:24.536636+00:00
2026-08-02,三重県,くもり,35.3,28.1,0.0,2026-08-02T14:54:25.226893+00:00
2026-08-02,滋賀県,晴れ時々くもり,35.0,25.5,0.0,2026-08-02T14:54:25.923126+00:00
2026-08-02,京都府,晴れ時々くもり,34.5,25.2,0.0,2026-08-02T14:54:26.612202+00:00
2026-08-02,大阪府,晴れ時々くもり,35.2,25.8,0.0,2026-08-02T14:54:27.313671+00:00
2026-08-02,兵庫県,晴れ,34.1,27.3,0.0,2026-08-02T14:54:28.008784+00:00
2026-08-02,奈良県,晴れ時々くもり,34.8,25.2,0.0,2026-08-02T14:54:28.785368+00:00
2026-08-02,和歌山県,晴れ,34.2,26.4,0.0,2026-08-02T14:54:29.491591+00:00
2026-08-02,鳥取県,晴れ,31.9,25.3,0.0,2026-08-02T14:55:01.326497+00:00
2026-08-02,島根県,晴れ,35.7,26.4,0.0,2026-08-02T14:55:02.053948+00:00
2026-08-02,岡山県,晴れ時々くもり,35.9,25.3,0.0,2026-08-02T14:55:02.782576+00:00
2026-08-02,広島県,晴れ,33.8,24.7,0.0,2026-08-02T14:55:03.474672+00:00
2026-08-02,山口県,晴れ時々くもり,35.3,24.9,0.0,2026-08-02T14:55:04.162614+00:00
2026-08-02,徳島県,晴れ,35.2,27.5,0.0,2026-08-02T14:55:04.857253+00:00
2026-08-02,香川県,晴れ,33.9,27.1,0.0,2026-08-02T14:55:05.551109+00:00
2026-08-02,愛媛県,晴れ,32.6,25.4,0.0,2026-08-02T14:55:06.243876+00:00
2026-08-02,高知県,晴れ,35.4,27.0,0.0,2026-08-02T14:55:06.937705+00:00
2026-08-02,福岡県,晴れ,33.1,25.3,0.0,2026-08-02T14:55:07.631393+00:00
2026-08-02,佐賀県,晴れ時々くもり,38.6,24.3,0.0,2026-08-02T14:55:39.439193+00:00
2026-08-02,長崎県,晴れ,34.3,25.9,0.0,2026-08-02T14:55:40.130584+00:00
2026-08-02,熊本県,晴れ時々くもり,35.7,24.8,0.0,2026-08-02T14:55:40.824570+00:00
2026-08-02,大分県,晴れ,32.1,26.1,0.0,2026-08-02T14:55:41.514938+00:00
2026-08-02,宮崎県,晴れ時々くもり,32.6,27.0,0.0,2026-08-02T14:55:42.223292+00:00
2026-08-02,鹿児島県,晴れ時々くもり,33.6,27.0,0.0,2026-08-02T14:55:42.919293+00:00
2026-08-02,沖縄県,霧雨(弱),33.3,27.6,0.7,2026-08-02T14:55:43.626863+00:00
2026-08-04,北海道,晴れ,25.5,16.8,0.0,2026-08-03T16:13:43.279998+00:00
2026-08-04,青森県,快晴,30.5,17.1,0.0,2026-08-03T16:13:44.071682+00:00
2026-08-04,岩手県,快晴,29.8,15.7,0.0,2026-08-03T16:13:44.849999+00:00
2026-08-04,宮城県,晴れ時々くもり,25.3,18.7,0.0,2026-08-03T16:13:45.626119+00:00
2026-08-04,秋田県,快晴,32.0,19.5,0.0,2026-08-03T16:13:46.413730+00:00
2026-08-04,山形県,快晴,27.8,18.4,0.0,2026-08-03T16:13:47.185783+00:00
2026-08-04,福島県,晴れ,28.5,18.9,0.0,2026-08-03T16:13:48.069531+00:00
2026-08-04,茨城県,晴れ時々くもり,26.5,20.6,0.0,2026-08-03T16:13:48.840350+00:00
2026-08-04,栃木県,霧雨(弱),29.4,19.8,0.1,2026-08-03T16:14:20.751670+00:00
2026-08-04,群馬県,くもり,30.0,21.4,0.0,2026-08-03T16:14:21.525907+00:00
2026-08-04,埼玉県,霧雨(弱),29.8,21.4,0.2,2026-08-03T16:14:22.302502+00:00
2026-08-04,千葉県,晴れ時々くもり,27.1,22.6,0.0,2026-08-03T16:14:23.067209+00:00
2026-08-04,東京都,晴れ時々くもり,29.1,21.4,0.0,2026-08-03T16:14:23.812467+00:00
2026-08-04,神奈川県,晴れ時々くもり,28.2,22.1,0.0,2026-08-03T16:14:24.599818+00:00
2026-08-04,新潟県,晴れ,32.0,23.4,0.0,2026-08-03T16:14:25.357280+00:00
2026-08-04,富山県,霧雨(弱),31.0,25.0,0.9,2026-08-03T16:14:26.146574+00:00
2026-08-04,石川県,晴れ時々くもり,29.7,25.8,0.0,2026-08-03T16:14:26.925332+00:00
2026-08-04,福井県,晴れ時々くもり,32.0,25.4,0.0,2026-08-03T16:14:58.818738+00:00
2026-08-04,山梨県,晴れ,32.7,22.1,0.0,2026-08-03T16:14:59.579270+00:00
2026-08-04,長野県,晴れ,31.6,21.6,0.0,2026-08-03T16:15:00.350833+00:00
2026-08-04,岐阜県,晴れ時々くもり,31.4,24.4,0.0,2026-08-03T16:15:01.106467+00:00
2026-08-04,静岡県,晴れ,30.7,24.3,0.0,2026-08-03T16:15:01.862366+00:00
2026-08-04,愛知県,晴れ時々くもり,30.5,24.7,0.0,2026-08-03T16:15:02.616012+00:00
2026-08-04,三重県,霧雨(弱),29.0,25.3,0.3,2026-08-03T16:15:03.364720+00:00
2026-08-04,滋賀県,晴れ時々くもり,32.7,25.7,0.0,2026-08-03T16:15:04.137739+00:00
2026-08-04,京都府,晴れ時々くもり,32.5,25.4,0.0,2026-08-03T16:15:36.047984+00:00
2026-08-04,大阪府,晴れ,33.5,25.5,0.0,2026-08-03T16:15:36.811252+00:00
2026-08-04,兵庫県,雨(弱),32.9,26.1,2.1,2026-08-03T16:15:37.563561+00:00
2026-08-04,奈良県,晴れ時々くもり,32.3,24.8,0.0,2026-08-03T16:15:38.320384+00:00
2026-08-04,和歌山県,晴れ,31.0,25.6,0.0,2026-08-03T16:15:39.078421+00:00
2026-08-04,鳥取県,晴れ,31.7,26.1,0.0,2026-08-03T16:15:39.825406+00:00
2026-08-04,島根県,霧雨(弱),34.2,27.1,0.5,2026-08-03T16:15:40.592567+00:00
2026-08-04,岡山県,晴れ時々くもり,32.4,26.4,0.0,2026-08-03T16:15:41.352278+00:00
2026-08-04,広島県,霧雨(弱),32.4,26.1,0.5,2026-08-03T16:15:42.123438+00:00
2026-08-04,山口県,霧雨,32.2,26.2,2.7,2026-08-03T16:16:14.011647+00:00
2026-08-04,徳島県,霧雨(弱),31.4,27.2,0.3,2026-08-03T16:16:14.770262+00:00
2026-08-04,香川県,霧雨(強),30.8,26.6,2.7,2026-08-03T16:16:15.529211+00:00
2026-08-04,愛媛県,霧雨(弱),32.5,27.0,0.7,2026-08-03T16:16:16.283239+00:00
2026-08-04,高知県,霧雨(弱),29.7,25.8,1.5,2026-08-03T16:16:17.029198+00:00
2026-08-04,福岡県,霧雨(弱),31.8,27.2,0.4,2026-08-03T16:16:17.794912+00:00
2026-08-04,佐賀県,雨(弱),35.7,27.4,2.6,2026-08-03T16:16:18.551318+00:00
2026-08-04,長崎県,霧雨,33.9,27.7,1.3,2026-08-03T16:16:19.315951+00:00
2026-08-04,熊本県,霧雨(弱),34.7,27.0,1.2,2026-08-03T16:16:20.082600+00:00
2026-08-04,大分県,霧雨(弱),31.4,27.4,0.6,2026-08-03T16:16:51.970515+00:00
2026-08-04,宮崎県,雨,29.6,27.6,45.3,2026-08-03T16:16:52.726776+00:00
2026-08-04,鹿児島県,霧雨(弱),32.4,28.6,0.4,2026-08-03T16:16:53.479989+00:00
2026-08-04,沖縄県,霧雨(強),32.7,25.9,5.1,2026-08-03T16:16:54.235106+00:00
2026-08-05,北海道,晴れ時々くもり,27.5,16.9,0.0,2026-08-04T16:06:13.620488+00:00
2026-08-05,青森県,くもり,28.9,18.9,0.0,2026-08-04T16:06:14.462891+00:00
2026-08-05,岩手県,晴れ,30.3,16.6,0.0,2026-08-04T16:06:15.368850+00:00
2026-08-05,宮城県,くもり,25.7,18.6,0.0,2026-08-04T16:06:16.378311+00:00
2026-08-05,秋田県,快晴,31.6,19.6,0.0,2026-08-04T16:06:17.156238+00:00
2026-08-05,山形県,晴れ,30.0,18.4,0.0,2026-08-04T16:06:18.011020+00:00
2026-08-05,福島県,晴れ時々くもり,30.7,19.0,0.0,2026-08-04T16:06:18.926403+00:00
2026-08-05,茨城県,霧雨(弱),27.0,21.2,0.1,2026-08-04T16:06:19.810078+00:00
2026-08-05,栃木県,霧雨(弱),28.9,19.9,0.3,2026-08-04T16:06:20.666440+00:00
2026-08-05,群馬県,晴れ時々くもり,28.4,19.9,0.0,2026-08-04T16:06:21.581874+00:00
2026-08-05,埼玉県,霧雨(弱),28.9,21.8,0.1,2026-08-04T16:06:53.658168+00:00
2026-08-05,千葉県,晴れ時々くもり,28.3,22.4,0.0,2026-08-04T16:06:54.466548+00:00
2026-08-05,東京都,霧雨(弱),28.4,21.4,0.1,2026-08-04T16:06:55.376637+00:00
2026-08-05,神奈川県,晴れ時々くもり,28.2,22.0,0.0,2026-08-04T16:06:56.256654+00:00
2026-08-05,新潟県,晴れ,31.4,23.3,0.0,2026-08-04T16:06:57.144472+00:00
2026-08-05,富山県,晴れ,31.8,24.8,0.0,2026-08-04T16:06:57.995416+00:00
2026-08-05,石川県,晴れ,30.4,25.5,0.0,2026-08-04T16:06:58.871730+00:00
2026-08-05,福井県,晴れ時々くもり,33.1,24.4,0.0,2026-08-04T16:06:59.800859+00:00
2026-08-05,山梨県,晴れ,31.2,20.5,0.0,2026-08-04T16:07:31.775995+00:00
2026-08-05,長野県,晴れ,33.0,21.0,0.0,2026-08-04T16:07:32.563791+00:00
2026-08-05,岐阜県,晴れ,35.0,24.0,0.0,2026-08-04T16:07:33.380336+00:00
2026-08-05,静岡県,晴れ時々くもり,31.5,23.3,0.0,2026-08-04T16:07:34.210682+00:00
2026-08-05,愛知県,晴れ,33.7,23.7,0.0,2026-08-04T16:07:35.022253+00:00
2026-08-05,三重県,晴れ,30.6,23.6,0.0,2026-08-04T16:07:35.847435+00:00
2026-08-05,滋賀県,晴れ,35.3,24.9,0.0,2026-08-04T16:07:36.656636+00:00
2026-08-05,京都府,晴れ,34.1,24.1,0.0,2026-08-04T16:07:37.510325+00:00
2026-08-05,大阪府,晴れ,34.9,24.7,0.0,2026-08-04T16:07:38.300053+00:00
2026-08-05,兵庫県,晴れ,35.0,25.7,0.0,2026-08-04T16:07:39.129761+00:00
2026-08-05,奈良県,晴れ,33.6,23.6,0.0,2026-08-04T16:08:11.117926+00:00
2026-08-05,和歌山県,晴れ時々くもり,33.1,23.8,0.0,2026-08-04T16:08:11.955674+00:00
2026-08-05,鳥取県,晴れ,31.7,25.0,0.0,2026-08-04T16:08:12.792740+00:00
2026-08-05,島根県,晴れ,31.1,26.5,0.0,2026-08-04T16:08:13.672960+00:00
2026-08-05,岡山県,晴れ,34.0,25.3,0.0,2026-08-04T16:08:14.515655+00:00
2026-08-05,広島県,晴れ時々くもり,34.1,26.3,0.0,2026-08-04T16:08:15.358686+00:00
2026-08-05,山口県,霧雨,32.3,25.2,2.0,2026-08-04T16:08:16.201704+00:00
2026-08-05,徳島県,晴れ,33.2,25.2,0.0,2026-08-04T16:08:17.007781+00:00
2026-08-05,香川県,晴れ,32.0,26.2,0.0,2026-08-04T16:08:17.812457+00:00
2026-08-05,愛媛県,晴れ時々くもり,35.3,25.7,0.0,2026-08-04T16:08:49.909183+00:00
2026-08-05,高知県,晴れ,33.2,24.6,0.0,2026-08-04T16:08:50.717166+00:00
2026-08-05,福岡県,晴れ時々くもり,34.3,26.6,0.0,2026-08-04T16:08:51.537681+00:00
2026-08-05,佐賀県,霧雨(弱),36.3,26.2,0.1,2026-08-04T16:08:52.376797+00:00
2026-08-05,長崎県,晴れ,35.2,27.3,0.0,2026-08-04T16:08:53.193643+00:00
2026-08-05,熊本県,晴れ,36.4,26.4,0.0,2026-08-04T16:08:54.032643+00:00
2026-08-05,大分県,晴れ時々くもり,29.8,26.4,0.0,2026-08-04T16:08:54.894383+00:00
2026-08-05,宮崎県,霧雨(弱),29.9,27.8,1.4,2026-08-04T16:08:55.701514+00:00
2026-08-05,鹿児島県,晴れ時々くもり,32.9,28.0,0.0,2026-08-04T16:08:56.536425+00:00
2026-08-05,沖縄県,霧雨,33.1,27.9,4.0,2026-08-04T16:08:57.343700+00:00
2026-08-06,北海道,くもり,30.0,17.4,0.0,2026-08-05T15:53:45.601309+00:00
2026-08-06,青森県,晴れ時々くもり,29.8,19.3,0.0,2026-08-05T15:53:46.490379+00:00
2026-08-06,岩手県,くもり,32.2,21.0,0.0,2026-08-05T15:53:47.375644+00:00
2026-08-06,宮城県,くもり,28.1,21.2,0.0,2026-08-05T15:53:48.259175+00:00
2026-08-06,秋田県,快晴,32.6,21.7,0.0,2026-08-05T15:53:49.138758+00:00
2026-08-06,山形県,晴れ,33.3,21.6,0.0,2026-08-05T15:53:50.207776+00:00
2026-08-06,福島県,晴れ時々くもり,34.3,21.8,0.0,2026-08-05T15:53:51.071281+00:00
2026-08-06,茨城県,霧雨(弱),30.0,23.2,0.4,2026-08-05T15:53:51.940944+00:00
2026-08-06,栃木県,霧雨(弱),31.5,22.6,0.8,2026-08-05T15:53:52.971792+00:00
2026-08-06,群馬県,霧雨(弱),32.2,23.7,0.1,2026-08-05T15:53:53.847406+00:00
2026-08-06,埼玉県,霧雨,31.5,23.3,2.1,2026-08-05T15:53:54.724309+00:00
2026-08-06,千葉県,霧雨(強),31.6,23.9,3.5,2026-08-05T15:53:55.603417+00:00
2026-08-06,東京都,霧雨,31.2,23.2,2.8,2026-08-05T15:53:56.482635+00:00
2026-08-06,神奈川県,霧雨,31.3,23.7,1.2,2026-08-05T15:53:57.360920+00:00
2026-08-06,新潟県,晴れ,32.2,25.6,0.0,2026-08-05T15:54:29.563170+00:00
2026-08-06,富山県,晴れ,31.9,24.7,0.0,2026-08-05T15:54:30.444853+00:00
2026-08-06,石川県,晴れ,33.1,25.5,0.0,2026-08-05T15:54:31.324931+00:00
2026-08-06,福井県,晴れ,34.4,25.1,0.0,2026-08-05T15:54:32.200829+00:00
2026-08-06,山梨県,霧雨(強),32.6,23.8,4.1,2026-08-05T15:54:33.086533+00:00
2026-08-06,長野県,晴れ,33.7,23.7,0.0,2026-08-05T15:54:33.966106+00:00
2026-08-06,岐阜県,晴れ,34.0,24.6,0.0,2026-08-05T15:54:34.832029+00:00
2026-08-06,静岡県,晴れ,32.0,25.5,0.0,2026-08-05T15:54:35.711399+00:00
2026-08-06,愛知県,晴れ時々くもり,34.8,24.8,0.0,2026-08-05T15:55:07.781524+00:00
2026-08-06,三重県,霧雨(弱),30.7,27.2,0.6,2026-08-05T15:55:08.724827+00:00
2026-08-06,滋賀県,晴れ,34.8,26.2,0.0,2026-08-05T15:55:09.650855+00:00
2026-08-06,京都府,晴れ,33.5,26.2,0.0,2026-08-05T15:55:10.531183+00:00
2026-08-06,大阪府,晴れ,34.7,26.3,0.0,2026-08-05T15:55:11.401299+00:00
2026-08-06,兵庫県,快晴,34.8,27.0,0.0,2026-08-05T15:55:12.341667+00:00
2026-08-06,奈良県,晴れ,33.1,26.1,0.0,2026-08-05T15:55:13.503996+00:00
2026-08-06,和歌山県,晴れ,35.7,26.0,0.0,2026-08-05T15:55:14.381830+00:00
2026-08-06,鳥取県,晴れ,37.7,24.7,0.0,2026-08-05T15:55:15.291094+00:00
2026-08-06,島根県,晴れ,36.1,26.0,0.0,2026-08-05T15:55:47.509647+00:00
2026-08-06,岡山県,晴れ,34.3,25.7,0.0,2026-08-05T15:55:48.390115+00:00
2026-08-06,広島県,晴れ,36.6,26.2,0.0,2026-08-05T15:55:49.276181+00:00
2026-08-06,山口県,晴れ,36.0,25.8,0.0,2026-08-05T15:55:50.139402+00:00
2026-08-06,徳島県,晴れ,33.5,26.6,0.0,2026-08-05T15:55:51.015599+00:00
2026-08-06,香川県,晴れ,32.3,27.3,0.0,2026-08-05T15:55:52.178347+00:00
2026-08-06,愛媛県,晴れ,35.4,25.6,0.0,2026-08-05T15:55:53.114226+00:00
2026-08-06,高知県,晴れ,34.5,26.2,0.0,2026-08-05T15:55:53.997852+00:00
2026-08-06,福岡県,快晴,34.1,25.9,0.0,2026-08-05T15:55:54.886742+00:00
2026-08-06,佐賀県,快晴,36.4,26.4,0.0,2026-08-05T15:56:27.102390+00:00
2026-08-06,長崎県,晴れ,37.2,27.8,0.0,2026-08-05T15:56:27.974848+00:00
2026-08-06,熊本県,晴れ,34.9,27.0,0.0,2026-08-05T15:56:28.834271+00:00
2026-08-06,大分県,晴れ時々くもり,30.7,26.0,0.0,2026-08-05T15:56:29.693194+00:00
2026-08-06,宮崎県,雨(弱),30.8,27.8,12.0,2026-08-05T15:56:30.576102+00:00
2026-08-06,鹿児島県,霧雨(弱),31.5,28.8,1.1,2026-08-05T15:56:31.446609+00:00
2026-08-06,沖縄県,霧雨,31.6,28.0,2.8,2026-08-05T15:56:32.315227+00:00
